{
  "txt": {
    "PP--Kraken-base": {
      "jaccard": [
        0.4142857142857143,
        0.6836734693877551,
        0.7422656960873522,
        0.7655186888916097,
        0.7665296279430722
      ],
      "braycurtis": [
        0.0727004209637451,
        0.1107227477597848,
        0.15270961117870863,
        0.19510517914659523,
        0.23594411100837837
      ],
      "dice": [
        0.26126126126126126,
        0.5193798449612403,
        0.5901609694338941,
        0.620113631533459,
        0.6214414592421965
      ],
      "cosinus": [
        0.010058201837181424,
        0.011507322743728787,
        0.012277133028070986,
        0.012696336082888782,
        0.01296229269721516
      ]
    }
  },
  "json": {
    "lg--sm": {
      "jaccard": [
        0.2978723404255319,
        0.6351851851851852,
        0.7925531914893617,
        0.8480637813211845,
        0.8738118198098912
      ],
      "braycurtis": [
        0.6313063063063064,
        0.6456808199121523,
        0.6653150108883382,
        0.6830010138560324,
        0.6977016674177557
      ],
      "dice": [
        0.175,
        0.4654002713704206,
        0.6563876651982379,
        0.7362072374925845,
        0.7759021406727828
      ],
      "cosinus": [
        0.034114257474169296,
        0.04929485329508798,
        0.061915379266348713,
        0.07572994999706184,
        0.0920909047165025
      ]
    },
    "lg--md": {
      "jaccard": [
        0.2558139534883721,
        0.5940803382663847,
        0.7632794457274826,
        0.8210556025966695,
        0.8487643578141316
      ],
      "braycurtis": [
        0.4317226890756303,
        0.4589388898616705,
        0.5001751313485114,
        0.5364337011735856,
        0.5663629992992292
      ],
      "dice": [
        0.14666666666666667,
        0.42255639097744363,
        0.6171802054154996,
        0.6964328465405794,
        0.7372637944066516
      ],
      "cosinus": [
        0.04473017571738469,
        0.05583359196337245,
        0.06654158397107057,
        0.07935423935763941,
        0.09501314830784457
      ]
    },
    "lg--lg": {
      "jaccard": [
        0.2727272727272727,
        0.6237816764132553,
        0.7990543735224587,
        0.8542988405162985,
        0.8796527686439564
      ],
      "braycurtis": [
        0.5961971478608957,
        0.6095333416739647,
        0.6306306306306306,
        0.6496683769240396,
        0.665782227784731
      ],
      "dice": [
        0.15789473684210525,
        0.45325779036827196,
        0.6653543307086615,
        0.7456559098720642,
        0.7851608358769664
      ],
      "cosinus": [
        0.03642931790026094,
        0.04987239762424989,
        0.061985584524169246,
        0.07546458329056438,
        0.09151010489665634
      ]
    },
    "sm--md": {
      "jaccard": [
        0.24444444444444444,
        0.5287128712871287,
        0.7088877062267164,
        0.7806004618937644,
        0.8150125628140703
      ],
      "braycurtis": [
        0.15919795451487015,
        0.246164199192463,
        0.32570556826849734,
        0.3887991383952612,
        0.4405816615053184
      ],
      "dice": [
        0.13924050632911392,
        0.35935397039030953,
        0.5490519373454246,
        0.6401515151515151,
        0.6877816061489531
      ],
      "cosinus": [
        0.02512474926919328,
        0.03132011739305618,
        0.037394734797426166,
        0.04455599255114395,
        0.05353794980371518
      ]
    },
    "sm--sm": {
      "jaccard": [
        0.25,
        0.5651408450704225,
        0.7272311212814645,
        0.7901181525241676,
        0.820313512112968
      ],
      "braycurtis": [
        0.3797528068685725,
        0.4147008869598037,
        0.4523607310245038,
        0.48320120800302,
        0.5085606418121755
      ],
      "dice": [
        0.14285714285714285,
        0.39386503067484663,
        0.5713772024451637,
        0.6530539772727273,
        0.6953656929497035
      ],
      "cosinus": [
        0.016649543851023796,
        0.024214966661415427,
        0.03068512938539969,
        0.03761938681289245,
        0.04606534417882591
      ]
    },
    "sm--lg": {
      "jaccard": [
        0.16666666666666666,
        0.31727574750830567,
        0.5185322461082283,
        0.6195034885607659,
        0.6651171615596243
      ],
      "braycurtis": [
        0.07160748489759836,
        0.11287114123627791,
        0.1646527163768543,
        0.2123277577186648,
        0.2537067059690494
      ],
      "dice": [
        0.09090909090909091,
        0.1885488647581441,
        0.35001250938203654,
        0.44875411377527036,
        0.49825883021817924
      ],
      "cosinus": [
        0.0014085638575098702,
        0.002408673912892345,
        0.003252987635743776,
        0.004238758630736195,
        0.0055205100502783155
      ]
    },
    "md--md": {
      "jaccard": [
        0.2727272727272727,
        0.5978947368421053,
        0.7603686635944701,
        0.8194092827004219,
        0.8475810646783423
      ],
      "braycurtis": [
        0.48636859323882226,
        0.5126340665333575,
        0.5487272727272727,
        0.5793780687397708,
        0.6032011640596581
      ],
      "dice": [
        0.15789473684210525,
        0.4264264264264264,
        0.6133828996282528,
        0.6940671908506075,
        0.7354799879626843
      ],
      "cosinus": [
        0.04626138804832003,
        0.06303475742622289,
        0.0763207225020146,
        0.090637466280578,
        0.10725091378388785
      ]
    },
    "md--sm": {
      "jaccard": [
        0.10869565217391304,
        0.3270223752151463,
        0.5195392842451666,
        0.6081106335264437,
        0.651595744680851
      ],
      "braycurtis": [
        0.2817924194119731,
        0.2978478434151094,
        0.3325066430469442,
        0.3652227832403224,
        0.3940822111977321
      ],
      "dice": [
        0.05747126436781609,
        0.19547325102880658,
        0.35093081411503196,
        0.4368958109559613,
        0.4832347140039448
      ],
      "cosinus": [
        0.004904405977756654,
        0.006363671217801903,
        0.008075743138204916,
        0.01011426566634821,
        0.0127548418942115
      ]
    },
    "md--lg": {
      "jaccard": [
        0.11363636363636363,
        0.2574074074074074,
        0.4626424651751794,
        0.5574886535552194,
        0.5991490314634419
      ],
      "braycurtis": [
        0.22294829905823563,
        0.23661701105237867,
        0.2664359861591695,
        0.29645294626550034,
        0.3223226302634109
      ],
      "dice": [
        0.060240963855421686,
        0.14771519659936239,
        0.30093355299286106,
        0.38647089669638174,
        0.42770362081368396
      ],
      "cosinus": [
        0.003103933395682379,
        0.0037770809963479923,
        0.004746409210747982,
        0.005915006139279644,
        0.0074411157610825285
      ]
    }
  }
}