{
  "txt": {
    "PP--TesseractFra-PNG": {
      "jaccard": [
        0.3870967741935484,
        0.5316455696202531,
        0.5000530054065515,
        0.4799821816359485,
        0.4596842446216055
      ],
      "braycurtis": [
        0.02682029772414804,
        0.03906676646654349,
        0.05317784066654337,
        0.068815046803165,
        0.08497829515793588
      ],
      "dice": [
        0.24,
        0.3620689655172414,
        0.33338045091525903,
        0.31577404938090703,
        0.2984350728196501
      ],
      "cosinus": [
        0.0028672278651972194,
        0.003097883331634854,
        0.0032360809252124367,
        0.003310048166038637,
        0.0033566895487203707
      ]
    }
  },
  "json": {
    "lg--sm": {
      "jaccard": [
        0.14285714285714285,
        0.40437158469945356,
        0.5576208178438662,
        0.625,
        0.6609213412723284
      ],
      "braycurtis": [
        0.23910655437568656,
        0.2794360007324666,
        0.3203907203907204,
        0.3545521157721194,
        0.3841700256504214
      ],
      "dice": [
        0.07692307692307693,
        0.2534246575342466,
        0.3865979381443299,
        0.45454545454545453,
        0.4935642405803885
      ],
      "cosinus": [
        0.009630864144853701,
        0.01556983675510415,
        0.02251375244127274,
        0.030277939422166833,
        0.04003672316564033
      ]
    },
    "lg--lg": {
      "jaccard": [
        0.1951219512195122,
        0.4037854889589905,
        0.5099882491186839,
        0.5585003232062056,
        0.5856961489631825
      ],
      "braycurtis": [
        0.12262890729361475,
        0.14377338321753072,
        0.16635480709257774,
        0.18409090909090908,
        0.19871623428724258
      ],
      "dice": [
        0.10810810810810811,
        0.25296442687747034,
        0.3422712933753943,
        0.3874439461883408,
        0.41412327947336924
      ],
      "cosinus": [
        0.007333949481042268,
        0.009225296109368175,
        0.011137889661002709,
        0.013334377863276292,
        0.015905720510452137
      ]
    },
    "lg--md": {
      "jaccard": [
        0.14285714285714285,
        0.31085043988269795,
        0.4029692470837752,
        0.4498567335243553,
        0.476102260096332
      ],
      "braycurtis": [
        0.1128034269395526,
        0.16710307069745298,
        0.20984126984126983,
        0.24220052393427005,
        0.2694616484040019
      ],
      "dice": [
        0.07692307692307693,
        0.1840277777777778,
        0.25232403718459495,
        0.2902033271719039,
        0.312424021395575
      ],
      "cosinus": [
        0.02045322034715924,
        0.02632821811576136,
        0.03348488710946673,
        0.041419472499974574,
        0.05111526410810108
      ]
    },
    "sm--lg": {
      "jaccard": [
        0.1111111111111111,
        0.37435897435897436,
        0.4874551971326165,
        0.5390848427073404,
        0.5675923100396705
      ],
      "braycurtis": [
        0.19244253992987922,
        0.23865186051042275,
        0.27929332294102366,
        0.3129019684272072,
        0.3419103313840156
      ],
      "dice": [
        0.058823529411764705,
        0.2302839116719243,
        0.3222748815165877,
        0.3690048939641109,
        0.39625053259480186
      ],
      "cosinus": [
        0.009374920414964016,
        0.01511881811292104,
        0.02176989935151452,
        0.029449254523937762,
        0.03908623874154937
      ]
    },
    "sm--sm": {
      "jaccard": [
        0.1956521739130435,
        0.3816793893129771,
        0.5094017094017094,
        0.5668161434977579,
        0.597369173577352
      ],
      "braycurtis": [
        0.08299531981279251,
        0.12607271025120922,
        0.16708281315022888,
        0.20149836116747308,
        0.23159537933187638
      ],
      "dice": [
        0.10843373493975904,
        0.2358490566037736,
        0.34174311926605505,
        0.3954943679599499,
        0.4258919469928644
      ],
      "cosinus": [
        0.0062531107474703695,
        0.009161254911951078,
        0.012243284172085422,
        0.01588442163579229,
        0.02049932750648531
      ]
    },
    "sm--md": {
      "jaccard": [
        0.1,
        0.33429394812680113,
        0.4922779922779923,
        0.5676767676767677,
        0.6083038300611522
      ],
      "braycurtis": [
        0.25447243519532675,
        0.30034690524009494,
        0.3416118821524227,
        0.3747945205479452,
        0.40263061746437706
      ],
      "dice": [
        0.05263157894736842,
        0.20069204152249134,
        0.3265044814340589,
        0.39633286318758815,
        0.43709528214616095
      ],
      "cosinus": [
        0.011249161209721747,
        0.019546683858415514,
        0.027977169569547544,
        0.0366229377489824,
        0.04664697128727935
      ]
    },
    "md--md": {
      "jaccard": [
        0.1282051282051282,
        0.34105960264900664,
        0.45748502994011975,
        0.5110966057441253,
        0.5423584504044274
      ],
      "braycurtis": [
        0.1913214990138067,
        0.21335963923337092,
        0.23691382388873225,
        0.2553581500282008,
        0.2699576868829337
      ],
      "dice": [
        0.0684931506849315,
        0.2055888223552894,
        0.296583850931677,
        0.3432704953967558,
        0.37207943925233644
      ],
      "cosinus": [
        0.02032639032865191,
        0.02671579689851744,
        0.032499774673188986,
        0.038583885097803194,
        0.04552027827925342
      ]
    }
  }
}