{
  "txt": {
    "Kraken-17--PP": {
      "jaccard": [
        0.2857142857142857,
        0.6509023024268824,
        0.6865352012135273,
        0.6964095873199961,
        0.6936180730634238
      ],
      "braycurtis": [
        0.11357167209787271,
        0.14498602549109002,
        0.17732830116870965,
        0.21071347866937834,
        0.24304120646046257
      ],
      "dice": [
        0.16666666666666666,
        0.48247232472324725,
        0.5226902173913044,
        0.5342242322021018,
        0.5309458579926438
      ],
      "cosinus": [
        0.02018079226766034,
        0.022272279347816504,
        0.02350702515713121,
        0.02409694475501578,
        0.02443910923439807
      ]
    }
  },
  "json": {
    "md--lg": {
      "jaccard": [
        0.2391304347826087,
        0.5711340206185567,
        0.7296976882039122,
        0.7925121463275222,
        0.8235294117647058
      ],
      "braycurtis": [
        0.6084848484848485,
        0.6201963874409019,
        0.6385386356288393,
        0.6539953922638535,
        0.6669415474169295
      ],
      "dice": [
        0.13580246913580246,
        0.3997113997113997,
        0.5744283714419038,
        0.6563313609467456,
        0.7
      ],
      "cosinus": [
        0.07669240469125282,
        0.09427508485206182,
        0.10729801814574669,
        0.12129801943312823,
        0.13893910741723337
      ]
    },
    "md--sm": {
      "jaccard": [
        0.15555555555555556,
        0.4590818363273453,
        0.6484912652196929,
        0.7353664535169699,
        0.7801491010086244
      ],
      "braycurtis": [
        0.37352027537570315,
        0.42510495382031904,
        0.47608251462479356,
        0.5175932146456164,
        0.5529352481733434
      ],
      "dice": [
        0.08433734939759036,
        0.2979274611398964,
        0.47982765374069725,
        0.5814858031894204,
        0.6395446375074895
      ],
      "cosinus": [
        0.0743650553432843,
        0.09977217442974917,
        0.11520598812581506,
        0.1314200966725405,
        0.15098701291527816
      ]
    },
    "md--md": {
      "jaccard": [
        0.2222222222222222,
        0.5384615384615384,
        0.7100175746924429,
        0.7770401106500692,
        0.809555408095554
      ],
      "braycurtis": [
        0.6677309712637759,
        0.6740832303255048,
        0.6866179046049243,
        0.6978157840511025,
        0.7074497681607419
      ],
      "dice": [
        0.125,
        0.3684210526315789,
        0.5504087193460491,
        0.6353766116263289,
        0.6800445930880713
      ],
      "cosinus": [
        0.10643331352611796,
        0.13538274156118835,
        0.15371984994285104,
        0.17214743249136666,
        0.1948300565186183
      ]
    },
    "lg--sm": {
      "jaccard": [
        0.17391304347826086,
        0.48643410852713176,
        0.6726982437466738,
        0.7579105976896032,
        0.8005719446116797
      ],
      "braycurtis": [
        0.2952544967470341,
        0.3517366759161803,
        0.40555023923444977,
        0.4499473633840559,
        0.4876722817764165
      ],
      "dice": [
        0.09523809523809523,
        0.3213828425096031,
        0.5068163592622293,
        0.6101900525677315,
        0.6674614129752792
      ],
      "cosinus": [
        0.04168286099500018,
        0.054320767929901925,
        0.06264317791972762,
        0.07205393971718876,
        0.08404189385684391
      ]
    },
    "lg--lg": {
      "jaccard": [
        0.21739130434782608,
        0.5420944558521561,
        0.7037037037037037,
        0.7694704049844237,
        0.8022279348757498
      ],
      "braycurtis": [
        0.5364667747163695,
        0.5498436957276832,
        0.5700169831712213,
        0.5870295309785756,
        0.6013898540653232
      ],
      "dice": [
        0.12195121951219512,
        0.37183098591549296,
        0.5428571428571428,
        0.6253164556962025,
        0.6697667763628559
      ],
      "cosinus": [
        0.07362168396224289,
        0.08518442954538119,
        0.09313868777845669,
        0.10269015865164366,
        0.11596740975337871
      ]
    },
    "lg--md": {
      "jaccard": [
        0.022222222222222223,
        0.2523719165085389,
        0.4235466536394724,
        0.512854609929078,
        0.5560759823054905
      ],
      "braycurtis": [
        0.10490935017315135,
        0.1415184028249355,
        0.1788568194680249,
        0.21298560173865796,
        0.24325205460843577
      ],
      "dice": [
        0.011235955056179775,
        0.1444082519001086,
        0.268670591881004,
        0.34485842026825636,
        0.38511443503333936
      ],
      "cosinus": [
        0.011041353951595334,
        0.01605949207042967,
        0.019857668391094152,
        0.024036678534838152,
        0.02886518277746819
      ]
    },
    "sm--lg": {
      "jaccard": [
        0.06521739130434782,
        0.2872340425531915,
        0.4774023694602896,
        0.5647220585346691,
        0.6088248742569731
      ],
      "braycurtis": [
        0.23321223485292394,
        0.25039554644008205,
        0.2804344428817003,
        0.3082693547441833,
        0.33398194818895793
      ],
      "dice": [
        0.033707865168539325,
        0.16770186335403728,
        0.31354466858789626,
        0.3934583276310387,
        0.43763352506162695
      ],
      "cosinus": [
        0.01069729219296034,
        0.012624058190522813,
        0.015072891357315266,
        0.018278210333806166,
        0.022626928725509976
      ]
    },
    "sm--md": {
      "jaccard": [
        0.044444444444444446,
        0.297153024911032,
        0.4795346833261525,
        0.571945184621241,
        0.6182819383259912
      ],
      "braycurtis": [
        0.1779757085020243,
        0.20902612826603326,
        0.24886177545034102,
        0.2852283770651118,
        0.31720749419577776
      ],
      "dice": [
        0.022727272727272728,
        0.17450365726227796,
        0.315386795126098,
        0.40050646408103424,
        0.4474732982623944
      ],
      "cosinus": [
        0.01595536969867839,
        0.024519859327901683,
        0.03153216894192479,
        0.03945254571549517,
        0.04882526113199204
      ]
    },
    "sm--sm": {
      "jaccard": [
        0.15555555555555556,
        0.4613935969868173,
        0.6440349175557711,
        0.7215415460013366,
        0.7617357001972387
      ],
      "braycurtis": [
        0.46778947368421053,
        0.4918941680117903,
        0.5196518809657495,
        0.5426405559065066,
        0.5622069352800786
      ],
      "dice": [
        0.08433734939759036,
        0.2998776009791922,
        0.474964234620887,
        0.56438403903119,
        0.6151640649888499
      ],
      "cosinus": [
        0.06899619328153539,
        0.0816927842670484,
        0.091410813111508,
        0.1032416535381141,
        0.11898533937755384
      ]
    }
  }
}