{
  "txt": {
    "PP--Tesseract-BIN": {
      "jaccard": [
        0.4631578947368421,
        0.7560137457044673,
        0.7211968276856525,
        0.6796616319680682,
        0.6521088394647828
      ],
      "braycurtis": [
        0.07189819897399062,
        0.10207080064972697,
        0.13345985103560862,
        0.16514504701580254,
        0.19577998800112642
      ],
      "dice": [
        0.3013698630136986,
        0.6077348066298343,
        0.5639623386141963,
        0.5147632216286779,
        0.4837993293211042
      ],
      "cosinus": [
        0.006355164445457917,
        0.008009227222533277,
        0.008908138569559632,
        0.009418369376527291,
        0.009738889195385236
      ]
    }
  },
  "json": {
    "md--lg": {
      "jaccard": [
        0.29411764705882354,
        0.559748427672956,
        0.6737226277372262,
        0.7208121827411168,
        0.7474342928660827
      ],
      "braycurtis": [
        0.3023356401384083,
        0.34977287475665153,
        0.392759267272465,
        0.4232850032460506,
        0.4477056277056277
      ],
      "dice": [
        0.1724137931034483,
        0.388646288209607,
        0.5079801871216291,
        0.5634920634920635,
        0.596722621902478
      ],
      "cosinus": [
        0.044003697559412136,
        0.054042759312331934,
        0.0631149157939016,
        0.07281179648882097,
        0.08427246113857556
      ]
    },
    "md--md": {
      "jaccard": [
        0.32075471698113206,
        0.5943204868154158,
        0.685360524399126,
        0.7303459119496856,
        0.756763590391909
      ],
      "braycurtis": [
        0.27647992742118394,
        0.32962794918330307,
        0.3676726420089252,
        0.39593735814798003,
        0.41893303064699206
      ],
      "dice": [
        0.19101123595505617,
        0.4227994227994228,
        0.5213296398891967,
        0.5752321981424149,
        0.6087044946105349
      ],
      "cosinus": [
        0.05566947570828218,
        0.06527132869104169,
        0.07295598163568606,
        0.08170359296313401,
        0.09238608191226916
      ]
    },
    "md--sm": {
      "jaccard": [
        0.2641509433962264,
        0.5483271375464684,
        0.6732307692307692,
        0.7336538461538461,
        0.7660178426601785
      ],
      "braycurtis": [
        0.23884435032521556,
        0.3077155824508321,
        0.3654108034498411,
        0.4120006053268765,
        0.4522173452398971
      ],
      "dice": [
        0.15217391304347827,
        0.37772087067861715,
        0.5074211502782932,
        0.5793470007593015,
        0.6207689779822544
      ],
      "cosinus": [
        0.03745981540137899,
        0.045190598418684,
        0.053411484655440544,
        0.06273615713915115,
        0.07424881543024409
      ]
    },
    "lg--lg": {
      "jaccard": [
        0.27450980392156865,
        0.5484536082474227,
        0.6511127063890882,
        0.6963531669865644,
        0.720935960591133
      ],
      "braycurtis": [
        0.21827613727055067,
        0.26920774296547595,
        0.31097804391217565,
        0.3406867638251148,
        0.364776357827476
      ],
      "dice": [
        0.1590909090909091,
        0.3778409090909091,
        0.48270356572645023,
        0.5341578327444052,
        0.5636433660697092
      ],
      "cosinus": [
        0.03497949136244449,
        0.040524479866897445,
        0.045475394908360944,
        0.051296305593900526,
        0.05865442917699226
      ]
    },
    "lg--md": {
      "jaccard": [
        0.10909090909090909,
        0.2920517560073937,
        0.41116751269035534,
        0.46179737462133963,
        0.4886266094420601
      ],
      "braycurtis": [
        0.06016204102740907,
        0.09879310344827587,
        0.1362878657239754,
        0.16833390824422215,
        0.19661894083146456
      ],
      "dice": [
        0.057692307692307696,
        0.170995670995671,
        0.25878594249201275,
        0.300218818380744,
        0.32329973022859576
      ],
      "cosinus": [
        0.0025904754710821543,
        0.003572055449722056,
        0.004762664139028483,
        0.006262819089396299,
        0.008249426973617524
      ]
    },
    "lg--sm": {
      "jaccard": [
        0.23529411764705882,
        0.5009671179883946,
        0.6390458254865035,
        0.701851250405976,
        0.7360769860769861
      ],
      "braycurtis": [
        0.19044828596542632,
        0.25846153846153846,
        0.3189722547870262,
        0.36714055400850065,
        0.40861917326297276
      ],
      "dice": [
        0.13333333333333333,
        0.33419354838709675,
        0.46955719557195574,
        0.5406554916187141,
        0.5823748582536854
      ],
      "cosinus": [
        0.02739799634959117,
        0.032861381017192604,
        0.03875716760783765,
        0.04536188395128682,
        0.05343751234918859
      ]
    },
    "sm--sm": {
      "jaccard": [
        0.25,
        0.5544041450777202,
        0.6653718091009989,
        0.7172177879133409,
        0.7466928852341794
      ],
      "braycurtis": [
        0.13780832003926863,
        0.20176730486008837,
        0.2540403420481977,
        0.2943162288239627,
        0.3280294659300184
      ],
      "dice": [
        0.14285714285714285,
        0.3835125448028674,
        0.4985446985446986,
        0.5591111111111111,
        0.5957780630437883
      ],
      "cosinus": [
        0.022411511233336734,
        0.026731313174989113,
        0.0304221980748115,
        0.034466474960422766,
        0.039321270726098145
      ]
    }
  }
}