{
  "txt": {
    "PP--Kraken-base": {
      "jaccard": [
        0.3875,
        0.6687737041719343,
        0.6744641192917055,
        0.6659313599753758,
        0.6527133580705009
      ],
      "braycurtis": [
        0.09877738338532142,
        0.12196336517699925,
        0.14625171469130244,
        0.17256668897600153,
        0.19896739238690914
      ],
      "dice": [
        0.24031007751937986,
        0.5023741690408358,
        0.5088237362019264,
        0.49917323591616997,
        0.4844651002668044
      ],
      "cosinus": [
        0.01829423961763843,
        0.019751367150940724,
        0.020721878982576936,
        0.02115802741009476,
        0.021393790317961292
      ]
    }
  },
  "json": {
    "md--lg": {
      "jaccard": [
        0.10869565217391304,
        0.3017241379310345,
        0.42924211938296447,
        0.4847664184157075,
        0.5148015956330044
      ],
      "braycurtis": [
        0.1885748467175116,
        0.2095423272509722,
        0.2350037397157816,
        0.2564332734889288,
        0.27481669908723627
      ],
      "dice": [
        0.05747126436781609,
        0.17766497461928935,
        0.27327070879590093,
        0.3199285075960679,
        0.34662143059089623
      ],
      "cosinus": [
        0.0026718218250391113,
        0.00467608619458959,
        0.006507009152624699,
        0.008513048271412416,
        0.011032918384844659
      ]
    },
    "md--sm": {
      "jaccard": [
        0.17777777777777778,
        0.4889380530973451,
        0.649555099247091,
        0.7157748436414176,
        0.7516268980477223
      ],
      "braycurtis": [
        0.19118996635056593,
        0.2605170567538626,
        0.32282741738066095,
        0.37421576128538636,
        0.41983471074380163
      ],
      "dice": [
        0.0975609756097561,
        0.3235724743777452,
        0.4809934110491637,
        0.5573593073593074,
        0.6020851433536055
      ],
      "cosinus": [
        0.029806213033413687,
        0.03781141534936361,
        0.04583633552526323,
        0.05527501881399621,
        0.06717277870334326
      ]
    },
    "md--md": {
      "jaccard": [
        0.20454545454545456,
        0.49747474747474746,
        0.6207482993197279,
        0.6700938757264193,
        0.6986379114642451
      ],
      "braycurtis": [
        0.26383763837638374,
        0.3091118800461361,
        0.3441009075526842,
        0.3693745672744057,
        0.39012003693444136
      ],
      "dice": [
        0.11392405063291139,
        0.3310924369747899,
        0.45006165228113443,
        0.5038655462184874,
        0.5368512865242041
      ],
      "cosinus": [
        0.04560304559337125,
        0.053216462090425076,
        0.05990012451026194,
        0.06817457023064866,
        0.07864971765148876
      ]
    },
    "lg--sm": {
      "jaccard": [
        0.1956521739130435,
        0.5171026156941649,
        0.6821192052980133,
        0.7487210352091483,
        0.783280580897412
      ],
      "braycurtis": [
        0.15298651252408477,
        0.2420349434737924,
        0.3162876354447728,
        0.373875610382935,
        0.42269631152808124
      ],
      "dice": [
        0.10843373493975904,
        0.3487109905020353,
        0.5175879396984925,
        0.5983645983645983,
        0.6437643458301454
      ],
      "cosinus": [
        0.031884510720628145,
        0.039560156181479345,
        0.04661761574996026,
        0.05528376027409587,
        0.0664784749977414
      ]
    },
    "lg--md": {
      "jaccard": [
        0.18181818181818182,
        0.49261083743842365,
        0.6364372469635627,
        0.6924376848331221,
        0.7232620320855615
      ],
      "braycurtis": [
        0.20279424216765454,
        0.25788693626932035,
        0.3052378935479317,
        0.3412412624443974,
        0.37177966101694915
      ],
      "dice": [
        0.1,
        0.32679738562091504,
        0.4667458432304038,
        0.5295638126009693,
        0.5664921465968586
      ],
      "cosinus": [
        0.03895430227737373,
        0.043079363161889095,
        0.0472391907885783,
        0.05344996757285547,
        0.062081886103673156
      ]
    },
    "lg--lg": {
      "jaccard": [
        0.2,
        0.5362637362637362,
        0.6722571628232006,
        0.7264590046544934,
        0.7561576354679803
      ],
      "braycurtis": [
        0.33411488862837047,
        0.3767169179229481,
        0.4128553079801195,
        0.4390080428954424,
        0.4603653427182839
      ],
      "dice": [
        0.1111111111111111,
        0.3663663663663664,
        0.5063157894736842,
        0.5704245150407646,
        0.6079207920792079
      ],
      "cosinus": [
        0.047193164059042614,
        0.0536808278553601,
        0.05983338167255825,
        0.06813287992582417,
        0.07933687327586125
      ]
    },
    "sm--md": {
      "jaccard": [
        0.14285714285714285,
        0.37786259541984735,
        0.5212290502793296,
        0.5839496028485347,
        0.6151393084927829
      ],
      "braycurtis": [
        0.4392233811835175,
        0.4486676306548234,
        0.46410494783596734,
        0.4784090909090909,
        0.49102179977270377
      ],
      "dice": [
        0.07692307692307693,
        0.23294117647058823,
        0.35247449943332076,
        0.4123791102514507,
        0.44418858320203614
      ],
      "cosinus": [
        0.01482415975017537,
        0.02143472347277542,
        0.028357726828240226,
        0.03629882211257107,
        0.046446350042474105
      ]
    },
    "sm--lg": {
      "jaccard": [
        0.12244897959183673,
        0.3533697632058288,
        0.5033978044955567,
        0.5716459548567081,
        0.6067571737118174
      ],
      "braycurtis": [
        0.27630375114364136,
        0.2985634550279074,
        0.328269887750122,
        0.35485494646289006,
        0.3783269265971078
      ],
      "dice": [
        0.06521739130434782,
        0.21460176991150443,
        0.3363604610548376,
        0.4002130681818182,
        0.43549994463514563
      ],
      "cosinus": [
        0.00799616574816675,
        0.011718748060019601,
        0.01597762532493463,
        0.021043345404683333,
        0.027613656661099384
      ]
    },
    "sm--sm": {
      "jaccard": [
        0.22448979591836735,
        0.4896030245746692,
        0.6258953168044077,
        0.6865186789388197,
        0.7185111332668661
      ],
      "braycurtis": [
        0.29820981356089415,
        0.3300556586270872,
        0.36029934749667564,
        0.38495082575616996,
        0.40584578268534843
      ],
      "dice": [
        0.12643678160919541,
        0.3241551939924906,
        0.45549318364073776,
        0.5226710634789777,
        0.5606846473029046
      ],
      "cosinus": [
        0.026906281485810313,
        0.03386873233185195,
        0.04107369675309436,
        0.05033205266894736,
        0.06257550346458174
      ]
    }
  }
}