{
  "txt": {
    "Tesseract-BIN--PP": {
      "jaccard": [
        0.6043956043956044,
        0.7010550996483002,
        0.6283864541832669,
        0.5823324182109357,
        0.5588908732884553
      ],
      "braycurtis": [
        0.046208837098313714,
        0.07157540460796961,
        0.09732820948773144,
        0.12247297421582347,
        0.14679492915734527
      ],
      "dice": [
        0.4330708661417323,
        0.5397111913357401,
        0.4581366640040665,
        0.41076795836443225,
        0.38781995265256836
      ],
      "cosinus": [
        0.002789963764539549,
        0.0037230873889462224,
        0.004424806163339401,
        0.004846727573602383,
        0.005084833369164765
      ]
    }
  },
  "json": {
    "md--lg": {
      "jaccard": [
        0.11627906976744186,
        0.3295774647887324,
        0.44455747711088506,
        0.4947192884936076,
        0.5238611713665944
      ],
      "braycurtis": [
        0.0469248291571754,
        0.08225108225108226,
        0.11349134001823154,
        0.139047184864372,
        0.16124031007751938
      ],
      "dice": [
        0.06172839506172839,
        0.1973018549747049,
        0.2858077174623937,
        0.32865583456425407,
        0.35488611315209406
      ],
      "cosinus": [
        0.003556511785794192,
        0.004864197201077447,
        0.006304935267699707,
        0.008050942234081426,
        0.010205805277753055
      ]
    },
    "md--sm": {
      "jaccard": [
        0.22727272727272727,
        0.4147058823529412,
        0.5641821946169773,
        0.6318435754189944,
        0.6678739587106121
      ],
      "braycurtis": [
        0.1903867818250094,
        0.24525821596244132,
        0.28850488354620585,
        0.32275032876197635,
        0.35204810221721156
      ],
      "dice": [
        0.1282051282051282,
        0.26159554730983303,
        0.39293439077144915,
        0.46182115149040426,
        0.5013594344752583
      ],
      "cosinus": [
        0.019297573833614967,
        0.026205433737675365,
        0.0323622425901855,
        0.03830912937627651,
        0.04476145601264436
      ]
    },
    "md--md": {
      "jaccard": [
        0.21428571428571427,
        0.45482866043613707,
        0.5859284890426759,
        0.6467218332272437,
        0.6798831385642737
      ],
      "braycurtis": [
        0.1421457673155274,
        0.19764546071994565,
        0.23958333333333334,
        0.26987542468856174,
        0.2942455822383326
      ],
      "dice": [
        0.12,
        0.29435483870967744,
        0.41435562805872755,
        0.477892756349953,
        0.5150173885551691
      ],
      "cosinus": [
        0.04596778291829906,
        0.055372143094352344,
        0.06317933833868195,
        0.0695196432809786,
        0.0754155614794727
      ]
    },
    "lg--lg": {
      "jaccard": [
        0.20512820512820512,
        0.4805194805194805,
        0.5965770171149144,
        0.6467391304347826,
        0.6739518287243532
      ],
      "braycurtis": [
        0.14244946492271107,
        0.19980970504281637,
        0.2410183202474423,
        0.2693955259400286,
        0.2915020233277791
      ],
      "dice": [
        0.11428571428571428,
        0.3162393162393162,
        0.4250871080139373,
        0.4779116465863454,
        0.5082408341742348
      ],
      "cosinus": [
        0.04310960964283728,
        0.052673867762953464,
        0.06059234345672071,
        0.06700715080374386,
        0.07276974615083331
      ]
    },
    "lg--sm": {
      "jaccard": [
        0.17073170731707318,
        0.4294117647058823,
        0.5717255717255717,
        0.6411403018446059,
        0.6804755043227666
      ],
      "braycurtis": [
        0.1891385767790262,
        0.2539801460947743,
        0.30510803047333585,
        0.34663668727749675,
        0.3825337331334333
      ],
      "dice": [
        0.09333333333333334,
        0.27340823970037453,
        0.4002911208151383,
        0.4718222953517071,
        0.5156975156975157
      ],
      "cosinus": [
        0.026398037902384264,
        0.03632235557441388,
        0.0446266030242084,
        0.0527127430161084,
        0.061484475456886845
      ]
    },
    "lg--md": {
      "jaccard": [
        0.2,
        0.4751552795031056,
        0.6057471264367816,
        0.6649778340721976,
        0.695940347970174
      ],
      "braycurtis": [
        0.15297833935018051,
        0.21958925750394945,
        0.2651617757712566,
        0.29724542786181984,
        0.3224932249322493
      ],
      "dice": [
        0.1111111111111111,
        0.31160896130346233,
        0.43446001648804616,
        0.4981024667931689,
        0.5336721728081322
      ],
      "cosinus": [
        0.05422784768992106,
        0.06627485444000858,
        0.07567356218150534,
        0.08318727662317416,
        0.09014035780187646
      ]
    },
    "sm--sm": {
      "jaccard": [
        0.25,
        0.40114613180515757,
        0.5295295295295295,
        0.5881720430107527,
        0.6212751212751213
      ],
      "braycurtis": [
        0.11069418386491557,
        0.18248631743549648,
        0.2344906683348973,
        0.2717034256217738,
        0.3013767209011264
      ],
      "dice": [
        0.14285714285714285,
        0.25089605734767023,
        0.3601089176310415,
        0.4166031987814166,
        0.4506157325961297
      ],
      "cosinus": [
        0.026165203907739243,
        0.038392908878292165,
        0.0490204035743923,
        0.05774829523692682,
        0.06604334329927664
      ]
    },
    "sm--md": {
      "jaccard": [
        0.18421052631578946,
        0.28627450980392155,
        0.4038748137108793,
        0.4553049289891395,
        0.48201438848920863
      ],
      "braycurtis": [
        0.1736214605067064,
        0.19005030743432086,
        0.2041247359920487,
        0.21621621621621623,
        0.22639821029082774
      ],
      "dice": [
        0.10144927536231885,
        0.16704805491990846,
        0.2530345471521942,
        0.29475392103839915,
        0.3175355450236967
      ],
      "cosinus": [
        0.012200081970673238,
        0.01687775013729298,
        0.021425988746990088,
        0.026227796210696153,
        0.03151481627270436
      ]
    }
  }
}