{
  "txt": {
    "Kraken-base--PP": {
      "jaccard": [
        0.5294117647058824,
        0.6062176165803109,
        0.5747512598526942,
        0.5562382659156853,
        0.5478081445145215
      ],
      "braycurtis": [
        0.05255440480628961,
        0.07473188503710822,
        0.09757340546473793,
        0.12081373235912321,
        0.14388735834090266
      ],
      "dice": [
        0.36,
        0.4349442379182156,
        0.4032638259292838,
        0.3852701264924932,
        0.3772284925337122
      ],
      "cosinus": [
        0.007837863547354051,
        0.008612230286593636,
        0.009180842461580907,
        0.009563398975698356,
        0.009820643986996447
      ]
    }
  },
  "json": {
    "lg--lg": {
      "jaccard": [
        0.3076923076923077,
        0.5241379310344828,
        0.6372795969773299,
        0.687757909215956,
        0.7174688057040999
      ],
      "braycurtis": [
        0.28630514705882354,
        0.3585382670650425,
        0.40674329501915707,
        0.44240055185100025,
        0.4709291628334867
      ],
      "dice": [
        0.18181818181818182,
        0.35514018691588783,
        0.4676524953789279,
        0.5241090146750524,
        0.5594162612925643
      ],
      "cosinus": [
        0.1419426227841566,
        0.17446034863818904,
        0.1982971795881091,
        0.21814005059391006,
        0.23654091796937848
      ]
    },
    "lg--sm": {
      "jaccard": [
        0.16666666666666666,
        0.38005390835579517,
        0.5043177892918825,
        0.5563474387527839,
        0.58335668254413
      ],
      "braycurtis": [
        0.30728398702447657,
        0.3284176375165905,
        0.3529006882989184,
        0.3736539312582977,
        0.391560932428445
      ],
      "dice": [
        0.09090909090909091,
        0.23460898502495842,
        0.3371824480369515,
        0.3853748842949707,
        0.4117879746835443
      ],
      "cosinus": [
        0.0074730858925710075,
        0.012568024638447195,
        0.018636035076485147,
        0.02520672873907659,
        0.03306413149420595
      ]
    },
    "lg--md": {
      "jaccard": [
        0.10256410256410256,
        0.29523809523809524,
        0.4004424778761062,
        0.4489311163895487,
        0.4761541396413583
      ],
      "braycurtis": [
        0.07273500638026371,
        0.11401829398000425,
        0.15432624113475177,
        0.18652904873377316,
        0.21362281822051937
      ],
      "dice": [
        0.05405405405405406,
        0.17318435754189945,
        0.2503457814661134,
        0.2894333843797856,
        0.31246870305458185
      ],
      "cosinus": [
        0.008064013546228543,
        0.011027640880161282,
        0.014904736253568807,
        0.019452997737138267,
        0.024893093025917246
      ]
    },
    "sm--md": {
      "jaccard": [
        0.29545454545454547,
        0.5057142857142857,
        0.6408730158730159,
        0.7016515716568993,
        0.7387880862718247
      ],
      "braycurtis": [
        0.19468220724822435,
        0.2814207650273224,
        0.34608611161717373,
        0.396865889212828,
        0.43940222343721524
      ],
      "dice": [
        0.17333333333333334,
        0.3384321223709369,
        0.47153284671532847,
        0.5404185473943373,
        0.5857763300760044
      ],
      "cosinus": [
        0.10254083588800322,
        0.13187104641316816,
        0.15253560214934458,
        0.17038892017692508,
        0.18752706646971984
      ]
    },
    "sm--sm": {
      "jaccard": [
        0.30434782608695654,
        0.5063613231552163,
        0.62,
        0.6727272727272727,
        0.7036328871892925
      ],
      "braycurtis": [
        0.32664113063003564,
        0.3725231175693527,
        0.4074074074074074,
        0.43565010570824525,
        0.45891370424210387
      ],
      "dice": [
        0.1794871794871795,
        0.3390119250425894,
        0.4492753623188406,
        0.5068493150684932,
        0.5427728613569321
      ],
      "cosinus": [
        0.1040845126668768,
        0.1315978730017504,
        0.1506771604715773,
        0.16673139440302243,
        0.18188577563389907
      ]
    },
    "md--md": {
      "jaccard": [
        0.2857142857142857,
        0.5230769230769231,
        0.6292517006802721,
        0.6836861768368617,
        0.7164844066423653
      ],
      "braycurtis": [
        0.2598734453414794,
        0.336534264513313,
        0.38746998471949357,
        0.42740174672489084,
        0.4590085171434811
      ],
      "dice": [
        0.16666666666666666,
        0.3541666666666667,
        0.45905707196029777,
        0.5193945127719962,
        0.5582202587567056
      ],
      "cosinus": [
        0.1500588103542171,
        0.1868620464767916,
        0.21282831550052606,
        0.23456012089058353,
        0.25421875871131716
      ]
    },
    "md--sm": {
      "jaccard": [
        0.11627906976744186,
        0.324468085106383,
        0.46272493573264784,
        0.5202132385606397,
        0.5524769101595298
      ],
      "braycurtis": [
        0.3073975832596522,
        0.32085482682387617,
        0.3373624213836478,
        0.3507297655904467,
        0.36242996166322616
      ],
      "dice": [
        0.06172839506172839,
        0.19365079365079366,
        0.3010033444816054,
        0.35154608225758033,
        0.38167053364269143
      ],
      "cosinus": [
        0.006078406409751547,
        0.009824400568326674,
        0.013337712795470802,
        0.017127821452481373,
        0.021737904505855887
      ]
    }
  }
}