{
  "txt": {
    "PP--TesseractFra-PNG": {
      "jaccard": [
        0.3157894736842105,
        0.4125159642401022,
        0.40625850340136055,
        0.40620071297396565,
        0.40766655608167207
      ],
      "braycurtis": [
        0.03286737206733238,
        0.04499336554797267,
        0.05894782166877653,
        0.07408228390966379,
        0.08951060947241475
      ],
      "dice": [
        0.1875,
        0.2598551890587289,
        0.2549086563086905,
        0.2548631538993344,
        0.25601833437505916
      ],
      "cosinus": [
        0.003125767081244013,
        0.0035841097975199965,
        0.003935404840256007,
        0.00412508484812224,
        0.004217271128038824
      ]
    }
  },
  "json": {
    "lg--md": {
      "jaccard": [
        0.06382978723404255,
        0.18052738336713997,
        0.274587833996589,
        0.31730237700386954,
        0.34137638062871706
      ],
      "braycurtis": [
        0.04200726612170754,
        0.06903207493613397,
        0.09204799212747436,
        0.10974848123545108,
        0.12421076538723598
      ],
      "dice": [
        0.03296703296703297,
        0.09921962095875139,
        0.15914332784184515,
        0.1885676741130092,
        0.20581907591435303
      ],
      "cosinus": [
        0.001619302665888056,
        0.002970747009169661,
        0.0041050654952651255,
        0.0052895837705762005,
        0.006695091629518091
      ]
    },
    "lg--sm": {
      "jaccard": [
        0.0625,
        0.23486238532110093,
        0.3924581005586592,
        0.46157186278766826,
        0.4970607446113651
      ],
      "braycurtis": [
        0.10926764720850934,
        0.1489719055374593,
        0.1866442713900341,
        0.21706708744782652,
        0.24231102061593282
      ],
      "dice": [
        0.03225806451612903,
        0.13305613305613306,
        0.24413553431798435,
        0.30002822466836016,
        0.3307257714037375
      ],
      "cosinus": [
        0.006407977536999621,
        0.010194860074986711,
        0.013667014672341549,
        0.017513043470928857,
        0.022262244281963217
      ]
    },
    "lg--lg": {
      "jaccard": [
        0.043478260869565216,
        0.18200836820083682,
        0.2761061946902655,
        0.32193158953722334,
        0.3486027591085957
      ],
      "braycurtis": [
        0.03022413402762056,
        0.05309333786154978,
        0.07475753802030265,
        0.09190489668836682,
        0.10597826086956522
      ],
      "dice": [
        0.022222222222222223,
        0.1001150747986191,
        0.1601642710472279,
        0.19184652278177458,
        0.2110956409981793
      ],
      "cosinus": [
        0.0008274536708925417,
        0.0015848003397581634,
        0.0023100569135671156,
        0.003094413388216144,
        0.004020249192644876
      ]
    },
    "md--md": {
      "jaccard": [
        0.13043478260869565,
        0.18843683083511778,
        0.2731619844590556,
        0.31741898148148145,
        0.3423487544483986
      ],
      "braycurtis": [
        0.039794761649066285,
        0.05674224343675418,
        0.07241879984883744,
        0.08554123403747464,
        0.09647311571283643
      ],
      "dice": [
        0.06976744186046512,
        0.10401891252955082,
        0.15818622360678436,
        0.1886500429922614,
        0.20652640618291113
      ],
      "cosinus": [
        0.0011954213297172833,
        0.0016875983671438277,
        0.0021537033161218577,
        0.002665549367156461,
        0.0032709769513149523
      ]
    },
    "md--sm": {
      "jaccard": [
        0.08333333333333333,
        0.24036697247706423,
        0.373134328358209,
        0.4390032502708559,
        0.4715701617110068
      ],
      "braycurtis": [
        0.11246703552407053,
        0.14701623745992345,
        0.17901777249142403,
        0.20526479106330162,
        0.22670804241013706
      ],
      "dice": [
        0.043478260869565216,
        0.13660062565172054,
        0.22935779816513763,
        0.2812326485285952,
        0.30853242320819113
      ],
      "cosinus": [
        0.005221735325141363,
        0.0081920822747098,
        0.010923735812077284,
        0.013911388314426953,
        0.017539147932133403
      ]
    },
    "md--lg": {
      "jaccard": [
        0.06521739130434782,
        0.22903885480572597,
        0.3572222222222222,
        0.415536046820963,
        0.4485950950138054
      ],
      "braycurtis": [
        0.0335292084341514,
        0.0653914847035778,
        0.09587462548974418,
        0.12123307404206281,
        0.1427451884291806
      ],
      "dice": [
        0.033707865168539325,
        0.12933025404157045,
        0.21745011836320596,
        0.26225654801880455,
        0.2891541038525963
      ],
      "cosinus": [
        0.0014535160250681578,
        0.0027944609394302544,
        0.003986880903307011,
        0.005332905281290934,
        0.006976465652442143
      ]
    },
    "sm--sm": {
      "jaccard": [
        0.0625,
        0.1846435100548446,
        0.29706546275395035,
        0.35802723895996696,
        0.39277818717759766
      ],
      "braycurtis": [
        0.035033177114751055,
        0.06153132250580046,
        0.08787724101659783,
        0.11003341377390014,
        0.12891817886480716
      ],
      "dice": [
        0.03225806451612903,
        0.10171198388721048,
        0.17444326617179215,
        0.2180470026391856,
        0.24438331040806968
      ],
      "cosinus": [
        0.00173830182629231,
        0.002541588486368873,
        0.0033236267429879174,
        0.0041816843820545735,
        0.005228573799336167
      ]
    },
    "sm--lg": {
      "jaccard": [
        0.10416666666666667,
        0.28860294117647056,
        0.4518348623853211,
        0.5251325556733828,
        0.5632154668023404
      ],
      "braycurtis": [
        0.11721932855448404,
        0.15471892728210418,
        0.1928413017690443,
        0.22519083969465647,
        0.2523443544643318
      ],
      "dice": [
        0.054945054945054944,
        0.1686358754027927,
        0.29185185185185186,
        0.35605406960023006,
        0.3919971671388102
      ],
      "cosinus": [
        0.005916460821680181,
        0.00931264702850143,
        0.012493518852905505,
        0.015958185299189798,
        0.02020681328454066
      ]
    }
  }
}