{
  "txt": {
    "PP--Kraken-base": {
      "jaccard": [
        0.4125,
        0.6244251405212059,
        0.6748203900102634,
        0.6797573901205757,
        0.6763151108818979
      ],
      "braycurtis": [
        0.06464124148430023,
        0.08772263421436267,
        0.11454713394477228,
        0.14232933133886652,
        0.17023556195536993
      ],
      "dice": [
        0.25984251968503935,
        0.4539375928677563,
        0.509229379114496,
        0.5148730885020116,
        0.5109336190522573
      ],
      "cosinus": [
        0.011114350964483322,
        0.011751216052300673,
        0.012254664110701863,
        0.012545721104000651,
        0.012738873121728056
      ]
    }
  },
  "json": {
    "sm--md": {
      "jaccard": [
        0.12,
        0.47094430992736075,
        0.5665497076023391,
        0.6391214330722838,
        0.6780926189657712
      ],
      "braycurtis": [
        0.3422407233337809,
        0.3656364002596182,
        0.39124142047150107,
        0.41720942724770027,
        0.4398585433546712
      ],
      "dice": [
        0.06382978723404255,
        0.3079968329374505,
        0.39523498694516973,
        0.4696388411165498,
        0.5129653020283825
      ],
      "cosinus": [
        0.016907273748520302,
        0.023496206581309576,
        0.028308893589715445,
        0.032594526913699684,
        0.037208229579408614
      ]
    },
    "sm--lg": {
      "jaccard": [
        0.1346153846153846,
        0.44226044226044225,
        0.5385863267670915,
        0.6202453987730061,
        0.6652126499454744
      ],
      "braycurtis": [
        0.1117861229584937,
        0.16867093874833555,
        0.22329720020251198,
        0.2729807332195914,
        0.31595264351553237
      ],
      "dice": [
        0.07216494845360824,
        0.28391167192429023,
        0.3685379004123057,
        0.44953312583370386,
        0.49836601307189543
      ],
      "cosinus": [
        0.025238033835442097,
        0.030844855997519183,
        0.03519564135774189,
        0.03937858452557841,
        0.04408263286803438
      ]
    },
    "sm--sm": {
      "jaccard": [
        0.06,
        0.42399049881235157,
        0.5227990970654628,
        0.5864785318559557,
        0.6216279947179777
      ],
      "braycurtis": [
        0.15744633768532862,
        0.19088277057554354,
        0.22365654851916056,
        0.2535177501152605,
        0.27911625848332844
      ],
      "dice": [
        0.030927835051546393,
        0.2690278824415976,
        0.3539119804400978,
        0.41490599546818546,
        0.45098710096828276
      ],
      "cosinus": [
        0.02026708837773472,
        0.025459657946925285,
        0.028973776921984884,
        0.031901213418915275,
        0.03485686969394963
      ]
    },
    "md--md": {
      "jaccard": [
        0.16,
        0.42587601078167114,
        0.513189448441247,
        0.5829840737636212,
        0.6217919075144509
      ],
      "braycurtis": [
        0.16219734444155168,
        0.19778407775977783,
        0.23480005014416447,
        0.26784991031649596,
        0.2956227397656589
      ],
      "dice": [
        0.08695652173913043,
        0.2705479452054795,
        0.34516129032258064,
        0.4114167406092872,
        0.45115966950467645
      ],
      "cosinus": [
        0.018160547833825813,
        0.02257117251841212,
        0.025357674685848486,
        0.027723492449928,
        0.03022221439323014
      ]
    },
    "md--lg": {
      "jaccard": [
        0.1568627450980392,
        0.4623243933588761,
        0.5446009389671361,
        0.6192874109263657,
        0.6609150733198611
      ],
      "braycurtis": [
        0.24452867416080376,
        0.2727815566748014,
        0.30397832991492935,
        0.33417281129920035,
        0.3604673503829677
      ],
      "dice": [
        0.0851063829787234,
        0.30066445182724255,
        0.3741935483870968,
        0.44852738783374624,
        0.4935572495453314
      ],
      "cosinus": [
        0.02060732603105453,
        0.025221593323713876,
        0.02828903377637748,
        0.03100637378192128,
        0.03397801544571699
      ]
    },
    "md--sm": {
      "jaccard": [
        0.06382978723404255,
        0.15120274914089346,
        0.25425494963529005,
        0.3267601721983058,
        0.36285581683168316
      ],
      "braycurtis": [
        0.23720907151009876,
        0.24165653457730576,
        0.2539123242349049,
        0.2670909948137671,
        0.27870365774976424
      ],
      "dice": [
        0.03296703296703297,
        0.08178438661710037,
        0.14564265817747712,
        0.19528591584363847,
        0.22163949917316325
      ],
      "cosinus": [
        0.0032583780728867584,
        0.006092950809229114,
        0.008840525926931742,
        0.011713990891505932,
        0.015118511205684304
      ]
    },
    "lg--sm": {
      "jaccard": [
        0.0625,
        0.14922813036020582,
        0.25589459084604715,
        0.33199334627113947,
        0.368689601855431
      ],
      "braycurtis": [
        0.207936623301112,
        0.22223568175210776,
        0.242463153644256,
        0.2610238891311722,
        0.2766699779516875
      ],
      "dice": [
        0.03225806451612903,
        0.08063021316033364,
        0.1467196819085487,
        0.19903598437629852,
        0.22600824605468936
      ],
      "cosinus": [
        0.006190831242144923,
        0.009379466393570679,
        0.01246901224746011,
        0.01584308019291003,
        0.01989477291347841
      ]
    },
    "lg--lg": {
      "jaccard": [
        0.15384615384615385,
        0.45454545454545453,
        0.5341954737627456,
        0.605705503794064,
        0.645705279747833
      ],
      "braycurtis": [
        0.20712006887122095,
        0.2339655128756995,
        0.2642222897464465,
        0.29353523587652885,
        0.3189566978982021
      ],
      "dice": [
        0.08333333333333333,
        0.29411764705882354,
        0.36443841194435017,
        0.4344171948195095,
        0.47678342837193066
      ],
      "cosinus": [
        0.015948924425593702,
        0.019312667965217467,
        0.021467487353038495,
        0.02354098538437066,
        0.025959255569855233
      ]
    }
  }
}