{
  "txt": {
    "PP--TesseractFra-PNG": {
      "jaccard": [
        0.3541666666666667,
        0.5353594389246055,
        0.5184981684981685,
        0.48481037628840556,
        0.45638462567611476
      ],
      "braycurtis": [
        0.029438743110706923,
        0.04224918710102291,
        0.0578519955835179,
        0.07396576697000641,
        0.09030748243853487
      ],
      "dice": [
        0.21518987341772153,
        0.3655227454110136,
        0.3499814562986772,
        0.3199668006574772,
        0.2956595491775369
      ],
      "cosinus": [
        0.0021580078075421616,
        0.0024816233698335965,
        0.002751334427759544,
        0.002967953569692594,
        0.0031548369034825052
      ]
    }
  },
  "json": {
    "md--sm": {
      "jaccard": [
        0.16326530612244897,
        0.37067209775967414,
        0.490442054958184,
        0.5490196078431373,
        0.5825852782764811
      ],
      "braycurtis": [
        0.3995409604519774,
        0.41184779729849036,
        0.4260403790688092,
        0.43849889624724064,
        0.44909925821264574
      ],
      "dice": [
        0.08888888888888889,
        0.2275,
        0.32489117530668776,
        0.3783783783783784,
        0.41101963267891073
      ],
      "cosinus": [
        0.018982299954220294,
        0.02549757655688445,
        0.03208456282999994,
        0.040113993429367945,
        0.050590956640569784
      ]
    },
    "md--lg": {
      "jaccard": [
        0.14583333333333334,
        0.33849557522123896,
        0.4395678595543552,
        0.4945872801082544,
        0.5249526216045484
      ],
      "braycurtis": [
        0.18015728977616455,
        0.1946999031945789,
        0.21279599822501916,
        0.22948438634713145,
        0.2439656215954485
      ],
      "dice": [
        0.07865168539325842,
        0.20372836218375498,
        0.28169623539593247,
        0.32853932584269663,
        0.35588865096359745
      ],
      "cosinus": [
        0.0028329508864837205,
        0.004127860535978356,
        0.005368704998397589,
        0.006844169081992368,
        0.008694665336223872
      ]
    },
    "md--md": {
      "jaccard": [
        0.10869565217391304,
        0.27923627684964203,
        0.36701337295690933,
        0.41481760060172995,
        0.44143294838557623
      ],
      "braycurtis": [
        0.17739784163938402,
        0.1882124666504972,
        0.20080857085102083,
        0.21166909267345949,
        0.22052650733956083
      ],
      "dice": [
        0.05747126436781609,
        0.1622746185852982,
        0.22474977252047315,
        0.2616844602609727,
        0.283230001512173
      ],
      "cosinus": [
        0.004742317189630585,
        0.006316353004624964,
        0.007643635133127491,
        0.009203022046385456,
        0.01117128083223673
      ]
    },
    "sm--lg": {
      "jaccard": [
        0.1346153846153846,
        0.2992565055762082,
        0.42955145118733506,
        0.49987299974599947,
        0.5381885511495139
      ],
      "braycurtis": [
        0.24055976858728795,
        0.26301798279906174,
        0.2868871686605677,
        0.3086878323428214,
        0.3276296238367092
      ],
      "dice": [
        0.07216494845360824,
        0.17595628415300546,
        0.27352150537634407,
        0.3332204537758212,
        0.368165505594258
      ],
      "cosinus": [
        0.011573079669634168,
        0.016793537018736426,
        0.021922834979208994,
        0.028071229804927822,
        0.036050003167627964
      ]
    },
    "sm--sm": {
      "jaccard": [
        0.12244897959183673,
        0.30994152046783624,
        0.4064768285873814,
        0.4628632938643703,
        0.49442074171316047
      ],
      "braycurtis": [
        0.11716391716391716,
        0.14462229710755406,
        0.17138243347609353,
        0.19340682488414548,
        0.21185310020363737
      ],
      "dice": [
        0.06521739130434782,
        0.18339100346020762,
        0.25508058864751226,
        0.3011204481792717,
        0.3283923705722071
      ],
      "cosinus": [
        0.00933130312710373,
        0.01173932795452659,
        0.014604320456889308,
        0.018493988701993702,
        0.023835521643378876
      ]
    },
    "sm--md": {
      "jaccard": [
        0.061224489795918366,
        0.30134357005758156,
        0.4173576561636263,
        0.47553763440860214,
        0.5072320841551611
      ],
      "braycurtis": [
        0.24293431456979567,
        0.2627622925148763,
        0.2841594236943074,
        0.3023101018010963,
        0.31822382332210825
      ],
      "dice": [
        0.031578947368421054,
        0.17740112994350282,
        0.2637093957387356,
        0.3119379298183742,
        0.33979299713719446
      ],
      "cosinus": [
        0.010779236334218734,
        0.015615276386410915,
        0.020861076218045227,
        0.02729895915809777,
        0.035785871453029694
      ]
    },
    "lg--sm": {
      "jaccard": [
        0.16326530612244897,
        0.3630831643002028,
        0.4884819846426462,
        0.5516445470282747,
        0.5885885885885885
      ],
      "braycurtis": [
        0.39253403601229686,
        0.4061841180604357,
        0.42217927318515913,
        0.43661043753294676,
        0.4489763641156313
      ],
      "dice": [
        0.08888888888888889,
        0.2218091697645601,
        0.32317311449785074,
        0.3808764940239044,
        0.41702127659574467
      ],
      "cosinus": [
        0.021540806199681795,
        0.02883325907622636,
        0.03615369901233678,
        0.045136325602300076,
        0.05682069314265403
      ]
    },
    "lg--lg": {
      "jaccard": [
        0.14583333333333334,
        0.3004484304932735,
        0.3885832187070151,
        0.43496357960457854,
        0.46187175043327555
      ],
      "braycurtis": [
        0.17063205960105743,
        0.17846412690782357,
        0.18998397435897435,
        0.20092559201827143,
        0.21067564318345755
      ],
      "dice": [
        0.07865168539325842,
        0.17678100263852242,
        0.24114383269312847,
        0.2779255319148936,
        0.30028169014084505
      ],
      "cosinus": [
        0.00416105016181556,
        0.005567054419743367,
        0.006951101641491153,
        0.008596148921966362,
        0.010669169916486032
      ]
    },
    "lg--md": {
      "jaccard": [
        0.08163265306122448,
        0.22505307855626328,
        0.31615776081424934,
        0.3697505525734133,
        0.39874902267396406
      ],
      "braycurtis": [
        0.027394438722966014,
        0.05706045936759707,
        0.08316165361900837,
        0.10543937364788297,
        0.12450030908716259
      ],
      "dice": [
        0.0425531914893617,
        0.12679425837320574,
        0.18775972799395543,
        0.22680612047259346,
        0.2490234375
      ],
      "cosinus": [
        0.0010131006384515029,
        0.0017550211617164413,
        0.0023773000241631426,
        0.0030723524281899284,
        0.003938934016682771
      ]
    }
  }
}