{
  "txt": {
    "PP--TesseractFra-PNG": {
      "jaccard": [
        0.4176325289758693
      ],
      "braycurtis": [
        0.10489307017118471
      ],
      "dice": [
        0.2639289145052834
      ],
      "cosinus": [
        0.009342178008713398
      ]
    }
  },
  "json": {
    "sm--lg": {
      "jaccard": [
        0.7734375
      ],
      "braycurtis": [
        0.5599284436493739
      ],
      "dice": [
        0.6305732484076433
      ],
      "cosinus": [
        0.2687715523609022
      ]
    },
    "sm--md": {
      "jaccard": [
        0.8722466960352423
      ],
      "braycurtis": [
        0.7013888888888888
      ],
      "dice": [
        0.7734375
      ],
      "cosinus": [
        0.43475426211527346
      ]
    },
    "sm--sm": {
      "jaccard": [
        0.8104838709677419
      ],
      "braycurtis": [
        0.5299270072992701
      ],
      "dice": [
        0.6813559322033899
      ],
      "cosinus": [
        0.1355424062243753
      ]
    },
    "lg--md": {
      "jaccard": [
        0.8333333333333334
      ],
      "braycurtis": [
        0.6327543424317618
      ],
      "dice": [
        0.7142857142857143
      ],
      "cosinus": [
        0.3256753540863947
      ]
    },
    "lg--sm": {
      "jaccard": [
        0.8744186046511628
      ],
      "braycurtis": [
        0.68359375
      ],
      "dice": [
        0.7768595041322314
      ],
      "cosinus": [
        0.4370310077391345
      ]
    },
    "lg--lg": {
      "jaccard": [
        0.7483870967741936
      ],
      "braycurtis": [
        0.4510739856801909
      ],
      "dice": [
        0.5979381443298969
      ],
      "cosinus": [
        0.15782256259447724
      ]
    },
    "md--md": {
      "jaccard": [
        0.8109756097560976
      ],
      "braycurtis": [
        0.590027700831025
      ],
      "dice": [
        0.6820512820512821
      ],
      "cosinus": [
        0.32226632277367095
      ]
    },
    "md--sm": {
      "jaccard": [
        0.7718631178707225
      ],
      "braycurtis": [
        0.6058931860036832
      ],
      "dice": [
        0.628482972136223
      ],
      "cosinus": [
        0.5414807108687101
      ]
    },
    "md--lg": {
      "jaccard": [
        0.6585365853658537
      ],
      "braycurtis": [
        0.4222222222222222
      ],
      "dice": [
        0.4909090909090909
      ],
      "cosinus": [
        0.20940536083850092
      ]
    }
  }
}