{
  "txt": {
    "Kraken-base--PP": {
      "jaccard": [
        0.3835616438356164,
        0.6627218934911243,
        0.6911953269696538,
        0.6924399740428293,
        0.6822590765440343
      ],
      "braycurtis": [
        0.07165709726827306,
        0.09503197039511176,
        0.12279289850909318,
        0.15144105524645987,
        0.18035808363037953
      ],
      "dice": [
        0.23728813559322035,
        0.49557522123893805,
        0.5281119033364176,
        0.5295664904836348,
        0.5177490236508033
      ],
      "cosinus": [
        0.012495649836186895,
        0.012905853142009316,
        0.01325074775832491,
        0.013461649556986588,
        0.013593037588969348
      ]
    }
  },
  "json": {
    "sm--md": {
      "jaccard": [
        0.09523809523809523,
        0.18765432098765433,
        0.2980364656381487,
        0.35310440513354147,
        0.3837709857942316
      ],
      "braycurtis": [
        0.16928535225544855,
        0.1812191103789127,
        0.20033798056611746,
        0.2166941310685765,
        0.23037525354969574
      ],
      "dice": [
        0.05,
        0.10354223433242507,
        0.17511330861145447,
        0.21440606571187867,
        0.2374483952590225
      ],
      "cosinus": [
        0.0042590215143720744,
        0.006038360311826363,
        0.007869041107543273,
        0.009930547593319905,
        0.012490754918027092
      ]
    },
    "sm--sm": {
      "jaccard": [
        0.2549019607843137,
        0.48307692307692307,
        0.6136105860113421,
        0.6871489361702128,
        0.7245472837022133
      ],
      "braycurtis": [
        0.34134149071103487,
        0.3707655573794956,
        0.40168644131035,
        0.4289179104477612,
        0.4515411597880439
      ],
      "dice": [
        0.14606741573033707,
        0.3184584178498986,
        0.44259612762476136,
        0.5234020484895631,
        0.5680706736078246
      ],
      "cosinus": [
        0.026632925251529715,
        0.030857558546205643,
        0.034332223830426334,
        0.03845617332863516,
        0.04384648238040534
      ]
    },
    "sm--lg": {
      "jaccard": [
        0.24489795918367346,
        0.47039473684210525,
        0.627889352027283,
        0.7160575491979494,
        0.7605511659279245
      ],
      "braycurtis": [
        0.3476401290613041,
        0.37835809695332434,
        0.4150844277673546,
        0.45091564094866404,
        0.4820986264354875
      ],
      "dice": [
        0.13953488372093023,
        0.30752688172043013,
        0.4576083954708644,
        0.5577022153529109,
        0.6136204617896291
      ],
      "cosinus": [
        0.023835538156685043,
        0.027663546590536492,
        0.031238763235516998,
        0.035589234725975305,
        0.04126479604806954
      ]
    },
    "md--sm": {
      "jaccard": [
        0.22916666666666666,
        0.4623287671232877,
        0.605108877721943,
        0.6902286902286903,
        0.7340044742729307
      ],
      "braycurtis": [
        0.25026105116602854,
        0.290836306674789,
        0.3383812010443864,
        0.3822787013665245,
        0.4198816155988858
      ],
      "dice": [
        0.12941176470588237,
        0.30066815144766146,
        0.43380366256379466,
        0.526984126984127,
        0.5797844142074572
      ],
      "cosinus": [
        0.024881477809388985,
        0.028921909706549398,
        0.033116626151047934,
        0.03819702265187741,
        0.04481779087945137
      ]
    },
    "md--md": {
      "jaccard": [
        0.14893617021276595,
        0.48312611012433393,
        0.6117542297417632,
        0.6812512778572889,
        0.7163978494623656
      ],
      "braycurtis": [
        0.3928782215227228,
        0.4187899655681259,
        0.4457562639380821,
        0.4700875725671554,
        0.4905727219051368
      ],
      "dice": [
        0.08045977011494253,
        0.3185011709601874,
        0.4406670942912123,
        0.5165891472868217,
        0.5581151832460733
      ],
      "cosinus": [
        0.037893209082566104,
        0.0426468255357223,
        0.047342934253000735,
        0.052968178180860304,
        0.06037260206127504
      ]
    },
    "md--lg": {
      "jaccard": [
        0.16666666666666666,
        0.49575551782682514,
        0.6508313539192399,
        0.7261280167890871,
        0.7633415435139573
      ],
      "braycurtis": [
        0.48570952420631613,
        0.5060833333333333,
        0.5279606633886157,
        0.5485914319053176,
        0.566524964574477
      ],
      "dice": [
        0.09090909090909091,
        0.3295711060948081,
        0.4823943661971831,
        0.5700164744645799,
        0.6172614107883817
      ],
      "cosinus": [
        0.0358030643020506,
        0.04044446158370796,
        0.04481317000872942,
        0.04993914614865491,
        0.05660047399540069
      ]
    },
    "lg--lg": {
      "jaccard": [
        0.22916666666666666,
        0.5,
        0.652379079826976,
        0.7237415084480056,
        0.7592876880564937
      ],
      "braycurtis": [
        0.4577654451970946,
        0.4790238328436174,
        0.5028433053084101,
        0.524734693877551,
        0.5435055922932485
      ],
      "dice": [
        0.12941176470588237,
        0.3333333333333333,
        0.4840968777356288,
        0.5670806605704927,
        0.6119772333580796
      ],
      "cosinus": [
        0.03556036955111064,
        0.04102725108915439,
        0.04614521948688677,
        0.05177081508219805,
        0.058806040872855125
      ]
    }
  }
}