{
  "txt": {
    "PP--TesseractFra-BIN": {
      "jaccard": [
        0.36082474226804123,
        0.6067796610169491,
        0.5920496386199373,
        0.5644957048495842,
        0.5378664314228233
      ],
      "braycurtis": [
        0.06912185912908746,
        0.08448538533014485,
        0.10207444284993866,
        0.12046341607216556,
        0.1391148388831306
      ],
      "dice": [
        0.22012578616352202,
        0.43552311435523117,
        0.4205046249213037,
        0.39323860385275605,
        0.36786408778387386
      ],
      "cosinus": [
        0.0029822260886513963,
        0.0032461958383370737,
        0.0034189769531983716,
        0.0035368450599376766,
        0.0036129710950025817
      ]
    }
  },
  "json": {
    "lg--sm": {
      "jaccard": [
        0.20833333333333334,
        0.366412213740458,
        0.49637305699481865,
        0.562081784386617,
        0.5960843373493976
      ],
      "braycurtis": [
        0.33035204567078974,
        0.346940717480255,
        0.3729222179926405,
        0.39497477871894926,
        0.41305920426423
      ],
      "dice": [
        0.11627906976744186,
        0.22429906542056074,
        0.3301171605789111,
        0.390899689762151,
        0.4245869984981764
      ],
      "cosinus": [
        0.039293533660941016,
        0.045055890308531854,
        0.05262854608219958,
        0.06337706861942527,
        0.07841116976643803
      ]
    },
    "lg--md": {
      "jaccard": [
        0.1111111111111111,
        0.30638297872340425,
        0.44062863795110596,
        0.504362510554461,
        0.5382231404958677
      ],
      "braycurtis": [
        0.28191663931736133,
        0.29562363238512035,
        0.3190356348251085,
        0.33798424162836505,
        0.3537922731750027
      ],
      "dice": [
        0.058823529411764705,
        0.18090452261306533,
        0.2825681224337439,
        0.3372224313135115,
        0.36819787985865726
      ],
      "cosinus": [
        0.017276969286737942,
        0.022352941030309492,
        0.027898299451978303,
        0.03493025127907978,
        0.04432087339379687
      ]
    },
    "lg--lg": {
      "jaccard": [
        0.13636363636363635,
        0.29936305732484075,
        0.4212990052662376,
        0.47769252628587666,
        0.5074080529893673
      ],
      "braycurtis": [
        0.24731182795698925,
        0.262350936967632,
        0.2863379831753807,
        0.305111821086262,
        0.32035360528277773
      ],
      "dice": [
        0.07317073170731707,
        0.1760299625468165,
        0.2668643439584878,
        0.3137950345342542,
        0.33995095176923973
      ],
      "cosinus": [
        0.017251627686108995,
        0.02237217173444428,
        0.028472617140516188,
        0.035848799483299,
        0.04549884726983944
      ]
    },
    "sm--md": {
      "jaccard": [
        0.09523809523809523,
        0.18765432098765433,
        0.2980364656381487,
        0.35310440513354147,
        0.3837709857942316
      ],
      "braycurtis": [
        0.16928535225544855,
        0.1812191103789127,
        0.20033798056611746,
        0.2166941310685765,
        0.23037525354969574
      ],
      "dice": [
        0.05,
        0.10354223433242507,
        0.17511330861145447,
        0.21440606571187867,
        0.2374483952590225
      ],
      "cosinus": [
        0.0042590215143720744,
        0.006038360311826363,
        0.007869041107543273,
        0.009930547593319905,
        0.012490754918027092
      ]
    },
    "sm--lg": {
      "jaccard": [
        0.02564102564102564,
        0.19315403422982885,
        0.31310344827586206,
        0.3670756646216769,
        0.3963620981387479
      ],
      "braycurtis": [
        0.1367878192534381,
        0.1627164435711654,
        0.19045279620076966,
        0.21207468369979118,
        0.22953316953316955
      ],
      "dice": [
        0.012987012987012988,
        0.10690121786197564,
        0.1856091578086672,
        0.2247964934251722,
        0.2471643365866526
      ],
      "cosinus": [
        0.006336875206175541,
        0.008881842138727891,
        0.011437080550149692,
        0.014234924368490165,
        0.0176606391144406
      ]
    },
    "sm--sm": {
      "jaccard": [
        0.1875,
        0.301707779886148,
        0.4123076923076923,
        0.48162569968362134,
        0.5176782557454331
      ],
      "braycurtis": [
        0.20735497237569062,
        0.22291288957955624,
        0.2480861106314396,
        0.2705724894223297,
        0.28932642487046634
      ],
      "dice": [
        0.10344827586206896,
        0.1776536312849162,
        0.2596899224806202,
        0.3171982689533579,
        0.3492347445835818
      ],
      "cosinus": [
        0.022679182777746387,
        0.027118584367143317,
        0.033452700075796704,
        0.04248953181455273,
        0.05514399466719222
      ]
    },
    "md--md": {
      "jaccard": [
        0.08888888888888889,
        0.27450980392156865,
        0.38324091189155884,
        0.43996361431170405,
        0.47092914563469807
      ],
      "braycurtis": [
        0.17537688442211055,
        0.1882145998240985,
        0.20943285582642204,
        0.22747266557747894,
        0.2424333836098542
      ],
      "dice": [
        0.046511627906976744,
        0.1590909090909091,
        0.23704268292682926,
        0.28202137998056365,
        0.30798386110771486
      ],
      "cosinus": [
        0.005913695196988811,
        0.006848848756199399,
        0.007880232146887378,
        0.009243756304161188,
        0.011067195980908995
      ]
    },
    "md--lg": {
      "jaccard": [
        0.07317073170731707,
        0.11141304347826086,
        0.18011409942950285,
        0.21194525093322272,
        0.22847422140800838
      ],
      "braycurtis": [
        0.042241126430038134,
        0.056623148012322135,
        0.07130281690140845,
        0.08253851797505503,
        0.0918696800704432
      ],
      "dice": [
        0.0379746835443038,
        0.058992805755395686,
        0.09896999552171966,
        0.11853398283460914,
        0.12897030580587976
      ],
      "cosinus": [
        0.001157405432711478,
        0.0017729044535794714,
        0.0023488113986542825,
        0.003008812758704016,
        0.003827053407326808
      ]
    },
    "md--sm": {
      "jaccard": [
        0.14583333333333334,
        0.35714285714285715,
        0.47943037974683544,
        0.5497355829765802,
        0.5864282439248051
      ],
      "braycurtis": [
        0.36069409241567557,
        0.37086867505118454,
        0.391120644825793,
        0.41023890784982936,
        0.42633118782913987
      ],
      "dice": [
        0.07865168539325842,
        0.21739130434782608,
        0.3152965660770031,
        0.37905886438617814,
        0.41485566007135904
      ],
      "cosinus": [
        0.03439299931933726,
        0.03971157968600825,
        0.04695706568513125,
        0.057290599941735354,
        0.07175573942700209
      ]
    }
  }
}