{
  "txt": {
    "Tesseract-PNG--PP": {
      "jaccard": [
        0.4742268041237113,
        0.7393822393822393,
        0.7753659085791489,
        0.7877357986997043,
        0.794521476625153
      ],
      "braycurtis": [
        0.3672880113492398,
        0.3768844289194631,
        0.3874898772076495,
        0.4010819489986721,
        0.41924367800828977
      ],
      "dice": [
        0.3108108108108108,
        0.5865237366003063,
        0.6331408818445924,
        0.6498053789386548,
        0.6590921872260468
      ],
      "cosinus": [
        0.00876631373017489,
        0.01165803301107382,
        0.013027126076209372,
        0.013742183128561236,
        0.014055099264024262
      ]
    }
  },
  "json": {
    "lg--md": {
      "jaccard": [
        0.25,
        0.5216251638269986,
        0.6895217030688415,
        0.767089786887155,
        0.8026992717311419
      ],
      "braycurtis": [
        0.2092700073571487,
        0.25706110770488455,
        0.31423043383475036,
        0.36220005722928506,
        0.40124274384760034
      ],
      "dice": [
        0.14285714285714285,
        0.3528368794326241,
        0.5261603375527426,
        0.6221781430055728,
        0.6704241071428572
      ],
      "cosinus": [
        0.01566560092091762,
        0.023312061791149308,
        0.030523927307702814,
        0.03731774855976078,
        0.04476224474354462
      ]
    },
    "lg--sm": {
      "jaccard": [
        0.09090909090909091,
        0.15800865800865802,
        0.2726237905520774,
        0.3272972972972973,
        0.35566841415465267
      ],
      "braycurtis": [
        0.1511627906976744,
        0.1619794134114303,
        0.17337123496138054,
        0.18262480079252272,
        0.19040317022742936
      ],
      "dice": [
        0.047619047619047616,
        0.08578143360752057,
        0.15782537067545305,
        0.19566973662950396,
        0.21629969114277176
      ],
      "cosinus": [
        0.0019632809100714743,
        0.003906732719187622,
        0.005618373700703616,
        0.007431111384756606,
        0.009568672747378382
      ]
    },
    "lg--lg": {
      "jaccard": [
        0.23529411764705882,
        0.5074024226110363,
        0.6927982992293383,
        0.7748365662844282,
        0.8121164721453495
      ],
      "braycurtis": [
        0.27602923627684967,
        0.3112809994406116,
        0.3582954178165635,
        0.4010741058441801,
        0.43681933462628675
      ],
      "dice": [
        0.13333333333333333,
        0.33994589720468893,
        0.5299857694653385,
        0.6324352694191743,
        0.6836667510762219
      ],
      "cosinus": [
        0.019780388890817124,
        0.02709400757345226,
        0.03392981658361771,
        0.04064294109041622,
        0.048213024271030136
      ]
    },
    "md--sm": {
      "jaccard": [
        0.09090909090909091,
        0.183585313174946,
        0.292420814479638,
        0.34968017057569295,
        0.38004827031375704
      ],
      "braycurtis": [
        0.1617333854913722,
        0.1672172476745197,
        0.17612113308701008,
        0.18412015301686663,
        0.19125331478502805
      ],
      "dice": [
        0.047619047619047616,
        0.10107015457788347,
        0.17124875786684332,
        0.21188630490956073,
        0.2346046881207787
      ],
      "cosinus": [
        0.0017992163891621393,
        0.002903653453943944,
        0.004025187883451964,
        0.005313800390315149,
        0.006908411189772035
      ]
    },
    "md--md": {
      "jaccard": [
        0.25,
        0.525065963060686,
        0.6855870895937674,
        0.7602435026925779,
        0.7951540371837036
      ],
      "braycurtis": [
        0.21758133014472436,
        0.2626999835065149,
        0.31406265033744313,
        0.35861855670103093,
        0.39568642005855914
      ],
      "dice": [
        0.14285714285714285,
        0.3559928443649374,
        0.5215918712955123,
        0.6132200188857413,
        0.6599632332460588
      ],
      "cosinus": [
        0.015691428160549248,
        0.022395000342572358,
        0.029097560237355546,
        0.035728536117629495,
        0.04322571120486862
      ]
    },
    "md--lg": {
      "jaccard": [
        0.09433962264150944,
        0.24606060606060606,
        0.38981097279852467,
        0.48696360673546984,
        0.5343277585254382
      ],
      "braycurtis": [
        0.07621159328476401,
        0.08983496468054104,
        0.11670045615813482,
        0.14614945987898756,
        0.17265412152315782
      ],
      "dice": [
        0.04950495049504951,
        0.1402902557014513,
        0.24209019327129563,
        0.32184527014898584,
        0.36456155981221944
      ],
      "cosinus": [
        0.0010758151614348455,
        0.001376635980615326,
        0.0016389031381527364,
        0.0019451306133241308,
        0.002355074577612304
      ]
    },
    "sm--sm": {
      "jaccard": [
        0.15384615384615385,
        0.4770992366412214,
        0.6396112424481218,
        0.7234570565386276,
        0.7632670489203367
      ],
      "braycurtis": [
        0.21766467953851174,
        0.26266461027405386,
        0.3127292500865095,
        0.3560835261315774,
        0.39229377391510695
      ],
      "dice": [
        0.08333333333333333,
        0.3132832080200501,
        0.4701679860977023,
        0.5667314681768236,
        0.6171639950678175
      ],
      "cosinus": [
        0.01385634544072134,
        0.02107716612833388,
        0.027723266530578994,
        0.033688802895534886,
        0.04002769016104224
      ]
    },
    "sm--md": {
      "jaccard": [
        0.20754716981132076,
        0.47759282970550576,
        0.6458720467215291,
        0.7330166795537391,
        0.7734601335180753
      ],
      "braycurtis": [
        0.10602702509473082,
        0.17695635076681085,
        0.2488202488202488,
        0.3092309892388545,
        0.35856989631748304
      ],
      "dice": [
        0.11578947368421053,
        0.3137089991589571,
        0.47696530092138795,
        0.5785527462946818,
        0.6306033376123235
      ],
      "cosinus": [
        0.015797042968690556,
        0.021857352784700468,
        0.027665520168680624,
        0.033077887473647594,
        0.038978903448141033
      ]
    },
    "sm--lg": {
      "jaccard": [
        0.19230769230769232,
        0.45849802371541504,
        0.6451116243264049,
        0.741312346688471,
        0.7859789113707609
      ],
      "braycurtis": [
        0.14951853317504288,
        0.21228110675065132,
        0.2768287052305257,
        0.33442168793905214,
        0.3822295514511873
      ],
      "dice": [
        0.10638297872340426,
        0.29743589743589743,
        0.47613636363636364,
        0.588956557044255,
        0.6474178403755868
      ],
      "cosinus": [
        0.019443644685587014,
        0.025274826748073576,
        0.03084604933788626,
        0.036270405305703246,
        0.0423804298113728
      ]
    }
  }
}