{
  "txt": {
    "Tesseract-BIN--PP": {
      "jaccard": [
        0.46875,
        0.7358934169278997,
        0.7729426774810899,
        0.7866653770512945,
        0.7942497610066919
      ],
      "braycurtis": [
        0.36780807729332554,
        0.3774025573120603,
        0.38803598402535294,
        0.40168511182177835,
        0.41988857071291724
      ],
      "dice": [
        0.30612244897959184,
        0.5821450712957222,
        0.6299157042593486,
        0.6483498963703035,
        0.6587183110739568
      ],
      "cosinus": [
        0.009335227091508358,
        0.01231003772712036,
        0.01372478319593462,
        0.01445790838411598,
        0.014774872650950122
      ]
    }
  },
  "json": {
    "lg--sm": {
      "jaccard": [
        0.17647058823529413,
        0.4744245524296675,
        0.6621084037792143,
        0.7548387096774194,
        0.7983034872761545
      ],
      "braycurtis": [
        0.1510449338043514,
        0.2149366085578447,
        0.2820682140852511,
        0.34184111470646505,
        0.39131583292058775
      ],
      "dice": [
        0.0967741935483871,
        0.3109807208717519,
        0.49488942575729417,
        0.6062176165803109,
        0.6643137254901961
      ],
      "cosinus": [
        0.021795356069200023,
        0.027509996127539904,
        0.03317981838926054,
        0.038785415566401915,
        0.04515333052343706
      ]
    },
    "lg--md": {
      "jaccard": [
        0.06,
        0.21315468940316687,
        0.38190045248868776,
        0.4894865954091467,
        0.5402215450104
      ],
      "braycurtis": [
        0.053655807013180803,
        0.06954332079460317,
        0.09979481440029846,
        0.13329706202393907,
        0.16302698669319737
      ],
      "dice": [
        0.030927835051546393,
        0.11929107021131562,
        0.2360178970917226,
        0.3240531291688417,
        0.37007091258532704
      ],
      "cosinus": [
        0.0013527042611168882,
        0.0016179843713132191,
        0.001820953717838747,
        0.002074387789508192,
        0.0024322508962644207
      ]
    },
    "lg--lg": {
      "jaccard": [
        0.22,
        0.5221932114882507,
        0.7051844209440289,
        0.7848285922684172,
        0.8208404149328957
      ],
      "braycurtis": [
        0.27403756394458756,
        0.3108663181478715,
        0.3597221703573696,
        0.40411905295391737,
        0.4412219442058483
      ],
      "dice": [
        0.12359550561797752,
        0.35335689045936397,
        0.5446215139442231,
        0.6458583433373349,
        0.6961232604373757
      ],
      "cosinus": [
        0.02190800209965149,
        0.029093623873019947,
        0.03593789174082429,
        0.04273909998579539,
        0.050464568510182106
      ]
    },
    "sm--md": {
      "jaccard": [
        0.16,
        0.4814340588988476,
        0.6484436306565524,
        0.742331943999145,
        0.7850665054413543
      ],
      "braycurtis": [
        0.11979585416156885,
        0.18982031741592673,
        0.2613179514070967,
        0.3226996224304293,
        0.3726672027409712
      ],
      "dice": [
        0.08695652173913043,
        0.31703204047217537,
        0.4797754983549448,
        0.590244731475187,
        0.646180641950734
      ],
      "cosinus": [
        0.01811691443096719,
        0.024163552555068968,
        0.030051052930307964,
        0.03565820554646859,
        0.0418272604889649
      ]
    },
    "sm--lg": {
      "jaccard": [
        0.02040816326530612,
        0.22115384615384615,
        0.40298507462686567,
        0.5284308821077205,
        0.5883532306570673
      ],
      "braycurtis": [
        0.10574147332406715,
        0.13343668974365827,
        0.1715049452018177,
        0.2110454703413617,
        0.24603293413173652
      ],
      "dice": [
        0.010309278350515464,
        0.12432432432432433,
        0.2523364485981308,
        0.3590934844192635,
        0.4167850225952227
      ],
      "cosinus": [
        0.004624846501583679,
        0.005535398602076191,
        0.006253178159028927,
        0.007183211830380509,
        0.008498894092648923
      ]
    },
    "sm--sm": {
      "jaccard": [
        0.16,
        0.4803548795944233,
        0.6433333333333333,
        0.7290470723306545,
        0.7696791286429202
      ],
      "braycurtis": [
        0.22034799562789872,
        0.2659675036927622,
        0.31631658246920147,
        0.3604939730560151,
        0.3975596064643838
      ],
      "dice": [
        0.08695652173913043,
        0.31609674728940784,
        0.4742014742014742,
        0.5736224028906955,
        0.6255921902665454
      ],
      "cosinus": [
        0.015383378436013229,
        0.02223447751272778,
        0.028764364766853845,
        0.03470980520238731,
        0.04108133139688175
      ]
    },
    "md--lg": {
      "jaccard": [
        0.22,
        0.5294888597640891,
        0.7056389032591827,
        0.7847692467965413,
        0.8215789473684211
      ],
      "braycurtis": [
        0.2826708822643782,
        0.3203222042383408,
        0.366257622525032,
        0.4095802747976661,
        0.4464839632585454
      ],
      "dice": [
        0.12359550561797752,
        0.3600713012477718,
        0.5451638689048761,
        0.6457779682811831,
        0.6971862438588655
      ],
      "cosinus": [
        0.022483225401221718,
        0.028987930431253695,
        0.03563731210704424,
        0.04262102419578684,
        0.050817534261553554
      ]
    },
    "md--sm": {
      "jaccard": [
        0.09090909090909091,
        0.183585313174946,
        0.292420814479638,
        0.34968017057569295,
        0.38004827031375704
      ],
      "braycurtis": [
        0.1617333854913722,
        0.1672172476745197,
        0.17612113308701008,
        0.18412015301686663,
        0.19125331478502805
      ],
      "dice": [
        0.047619047619047616,
        0.10107015457788347,
        0.17124875786684332,
        0.21188630490956073,
        0.2346046881207787
      ],
      "cosinus": [
        0.0017992163891621393,
        0.002903653453943944,
        0.004025187883451964,
        0.005313800390315149,
        0.006908411189772035
      ]
    },
    "md--md": {
      "jaccard": [
        0.20408163265306123,
        0.5290237467018469,
        0.6937551131715298,
        0.772353140151088,
        0.8074873177936172
      ],
      "braycurtis": [
        0.23603632564494093,
        0.27960618846694796,
        0.3304131168622408,
        0.3754571394124503,
        0.4128446266377301
      ],
      "dice": [
        0.11363636363636363,
        0.3596412556053812,
        0.5311064718162839,
        0.6291329904481998,
        0.6771310107156319
      ],
      "cosinus": [
        0.01774156460959264,
        0.02447522526850643,
        0.03131755697399852,
        0.038204249687496805,
        0.046029135871044846
      ]
    }
  }
}