{
  "txt": {
    "PP--Tesserat-PNG": {
      "jaccard": [
        0.46875,
        0.7896665445218028,
        0.7821182017174608,
        0.746423365545538,
        0.7155998877943336
      ],
      "braycurtis": [
        0.08751332766283708,
        0.12283861383766342,
        0.15905336565275788,
        0.19396324516005367,
        0.22670766527564243
      ],
      "dice": [
        0.30612244897959184,
        0.652437178322737,
        0.6421954928798562,
        0.5954349698535745,
        0.5571471701021988
      ],
      "cosinus": [
        0.009523999004926176,
        0.011936157783481116,
        0.01291523261473071,
        0.013421454706640912,
        0.01372463670254287
      ]
    }
  },
  "json": {
    "sm--lg": {
      "jaccard": [
        0.3392857142857143,
        0.6505636070853462,
        0.7523413111342352,
        0.8017680150013394,
        0.8282590412111017
      ],
      "braycurtis": [
        0.4280821917808219,
        0.4641073212501784,
        0.5019507089161671,
        0.5309064953604569,
        0.554368932038835
      ],
      "dice": [
        0.20430107526881722,
        0.4821002386634845,
        0.6030025020850709,
        0.6691258663089649,
        0.7068619006603503
      ],
      "cosinus": [
        0.049341546469362396,
        0.05905993109831864,
        0.06782104422441204,
        0.07775699028166783,
        0.0900477193389857
      ]
    },
    "sm--md": {
      "jaccard": [
        0.08620689655172414,
        0.40479548660084624,
        0.5699020480854853,
        0.6324805847418913,
        0.6632784538296349
      ],
      "braycurtis": [
        0.2437515466468696,
        0.274965969558223,
        0.31344884488448843,
        0.3459586582497834,
        0.37430056944788315
      ],
      "dice": [
        0.04504504504504504,
        0.2537577365163572,
        0.398505603985056,
        0.46250208785702357,
        0.4961979222448324
      ],
      "cosinus": [
        0.00997615791723061,
        0.012686305167245004,
        0.01580943990209882,
        0.01957137292539457,
        0.02453837037047013
      ]
    },
    "sm--sm": {
      "jaccard": [
        0.30357142857142855,
        0.5906976744186047,
        0.6981589147286822,
        0.7474697605529499,
        0.7745219000616903
      ],
      "braycurtis": [
        0.18975289050102018,
        0.24555039111211882,
        0.29357520786092217,
        0.3320671277922667,
        0.36466318893173055
      ],
      "dice": [
        0.17894736842105263,
        0.41914191419141916,
        0.5362858206177894,
        0.5967678360268033,
        0.6320161087339542
      ],
      "cosinus": [
        0.032765507755082246,
        0.038572608275446285,
        0.04326168875714442,
        0.04869004580461034,
        0.055404499662500606
      ]
    },
    "lg--md": {
      "jaccard": [
        0.32727272727272727,
        0.6239015817223199,
        0.7028391167192429,
        0.7406143344709898,
        0.7627528583992964
      ],
      "braycurtis": [
        0.2668240850059032,
        0.32572328281834284,
        0.36981627296587927,
        0.404213427840126,
        0.43363528948404884
      ],
      "dice": [
        0.1956521739130435,
        0.45338441890166026,
        0.541828793774319,
        0.5880758807588076,
        0.6164919139861382
      ],
      "cosinus": [
        0.06043047066439966,
        0.06724114109643675,
        0.07380090703372977,
        0.08266180809346424,
        0.09456549570151807
      ]
    },
    "lg--lg": {
      "jaccard": [
        0.3148148148148148,
        0.6239015817223199,
        0.7132616487455197,
        0.7548895899053628,
        0.7783360128617364
      ],
      "braycurtis": [
        0.27960883737776165,
        0.3301938054700235,
        0.375,
        0.40822612792172497,
        0.43537513591881116
      ],
      "dice": [
        0.18681318681318682,
        0.45338441890166026,
        0.5543175487465181,
        0.606283253103623,
        0.6371113670011515
      ],
      "cosinus": [
        0.04224266203744831,
        0.04963137665945916,
        0.05609492508598335,
        0.06378785543093801,
        0.07347357592067916
      ]
    },
    "lg--sm": {
      "jaccard": [
        0.05128205128205128,
        0.2948328267477204,
        0.43934760448521915,
        0.5045772751750135,
        0.537292817679558
      ],
      "braycurtis": [
        0.3136379251116455,
        0.328465899330012,
        0.3483390607101947,
        0.3638941398865784,
        0.37641801306290823
      ],
      "dice": [
        0.02631578947368421,
        0.17290552584670232,
        0.28151534944480733,
        0.33741447605329494,
        0.36732766761095376
      ],
      "cosinus": [
        0.011910503884444479,
        0.01797955324464484,
        0.02515606793058278,
        0.03238167914724677,
        0.04061557589838993
      ]
    },
    "md--lg": {
      "jaccard": [
        0.02702702702702703,
        0.15953307392996108,
        0.2697947214076246,
        0.31475409836065577,
        0.339469409853817
      ],
      "braycurtis": [
        0.11104972375690608,
        0.12600165791655155,
        0.13782937166021744,
        0.14694498202930606,
        0.1547566371681416
      ],
      "dice": [
        0.0136986301369863,
        0.08668076109936575,
        0.15593220338983052,
        0.1867704280155642,
        0.20443430061949788
      ],
      "cosinus": [
        0.004396307311015812,
        0.006386050461044013,
        0.008473008405038618,
        0.010736631101867067,
        0.013394905211441044
      ]
    },
    "md--md": {
      "jaccard": [
        0.34545454545454546,
        0.629695885509839,
        0.7110536522301228,
        0.7464887640449438,
        0.7671729766492859
      ],
      "braycurtis": [
        0.32253941201533876,
        0.37523971873002343,
        0.41389599317988063,
        0.4416968663397996,
        0.4639658848614073
      ],
      "dice": [
        0.2087912087912088,
        0.4595300261096606,
        0.551654964894684,
        0.5955182072829132,
        0.6222876057374035
      ],
      "cosinus": [
        0.07186167064051141,
        0.0818540478419072,
        0.09109352521180236,
        0.10227801751921917,
        0.11637519812125185
      ]
    },
    "md--sm": {
      "jaccard": [
        0.2909090909090909,
        0.5907590759075908,
        0.7022689540675152,
        0.756231884057971,
        0.7852546423974995
      ],
      "braycurtis": [
        0.20475638051044084,
        0.2886149383611313,
        0.35625181317087323,
        0.41186711156245465,
        0.46012768427161926
      ],
      "dice": [
        0.1702127659574468,
        0.41920374707259955,
        0.5411513859275053,
        0.6080167793055232,
        0.6464355986075374
      ],
      "cosinus": [
        0.04971626034458654,
        0.05847849683835438,
        0.06801537782676892,
        0.07933727179901884,
        0.09368229984003862
      ]
    }
  }
}