{
  "txt": {
    "Kraken-17--PP": {
      "jaccard": [
        0.37209302325581395,
        0.6214324178782983,
        0.6333756524192411,
        0.6365801576872536,
        0.63555136598117
      ],
      "braycurtis": [
        0.06448136122130158,
        0.0911210612275867,
        0.11912655055952437,
        0.14772693005452256,
        0.17587776041960518
      ],
      "dice": [
        0.22857142857142856,
        0.45078125,
        0.4634599504541701,
        0.4668995843623878,
        0.4657935448322631
      ],
      "cosinus": [
        0.008962857561348958,
        0.009886304489739706,
        0.010517454310317809,
        0.010854794808213275,
        0.011051588431214232
      ]
    }
  },
  "json": {
    "md--sm": {
      "jaccard": [
        0.022222222222222223,
        0.15955056179775282,
        0.2858966177409062,
        0.3396825396825397,
        0.37021696252465486
      ],
      "braycurtis": [
        0.1648135744585845,
        0.1890238456729481,
        0.20891945399604042,
        0.22398624508753126,
        0.2366397213166004
      ],
      "dice": [
        0.011235955056179775,
        0.08669108669108669,
        0.16679076693968728,
        0.2045889101338432,
        0.22715720682560814
      ],
      "cosinus": [
        0.012678410107196836,
        0.015494964079355689,
        0.018392597467848937,
        0.02178467209019741,
        0.02620212245516329
      ]
    },
    "md--lg": {
      "jaccard": [
        0.16666666666666666,
        0.4419713831478537,
        0.6396588486140725,
        0.725811390079608,
        0.7678823114869626
      ],
      "braycurtis": [
        0.27977088896629126,
        0.3189488350491524,
        0.36179380991085136,
        0.3994426381792847,
        0.4325682214050706
      ],
      "dice": [
        0.09090909090909091,
        0.2836734693877551,
        0.4702194357366771,
        0.5696263366574552,
        0.623221562879817
      ],
      "cosinus": [
        0.017406190368667307,
        0.026061689475340488,
        0.032857412959100496,
        0.040685789366092906,
        0.04986468038391745
      ]
    },
    "md--md": {
      "jaccard": [
        0.16326530612244897,
        0.4211382113821138,
        0.633635729239358,
        0.7214625445897741,
        0.7636147038801906
      ],
      "braycurtis": [
        0.29760555933227584,
        0.3351210484571515,
        0.3766933575061691,
        0.41189801699716716,
        0.44301578907607464
      ],
      "dice": [
        0.08888888888888889,
        0.266735324407827,
        0.4637385086823289,
        0.564287375029063,
        0.617618719889883
      ],
      "cosinus": [
        0.030920398052255216,
        0.04326984631366115,
        0.05194678345243253,
        0.061172763015303167,
        0.0723197881615234
      ]
    },
    "sm--sm": {
      "jaccard": [
        0.125,
        0.3961661341853035,
        0.5995195607412491,
        0.6965317919075145,
        0.743009430094301
      ],
      "braycurtis": [
        0.2451232332671417,
        0.2822182635867185,
        0.3263243969394311,
        0.36495721503460765,
        0.39814252336448597
      ],
      "dice": [
        0.06666666666666667,
        0.24701195219123506,
        0.4280813526096545,
        0.5343680709534369,
        0.5911018331267532
      ],
      "cosinus": [
        0.00857486796302187,
        0.01853598340865492,
        0.02795255128041796,
        0.03774677132986293,
        0.04783619712033149
      ]
    },
    "sm--lg": {
      "jaccard": [
        0.14583333333333334,
        0.4221183800623053,
        0.6102403343782654,
        0.7069068175052099,
        0.75449816662403
      ],
      "braycurtis": [
        0.13143980477223427,
        0.1929295325899061,
        0.2499943506654916,
        0.29975255076099117,
        0.34206101694915253
      ],
      "dice": [
        0.07865168539325842,
        0.2675222112537019,
        0.43909774436090226,
        0.5466789455508231,
        0.605778447213474
      ],
      "cosinus": [
        0.006953115981894742,
        0.014718773202869961,
        0.02150784101789105,
        0.02890668005028585,
        0.03692661709770584
      ]
    },
    "sm--md": {
      "jaccard": [
        0.14285714285714285,
        0.40381558028616854,
        0.6185636856368564,
        0.7174939207552568,
        0.7634478818055669
      ],
      "braycurtis": [
        0.16962478850811133,
        0.24039546148231702,
        0.30216869601760615,
        0.3542136695421367,
        0.3987988984372408
      ],
      "dice": [
        0.07692307692307693,
        0.25298804780876494,
        0.44776851397743994,
        0.5594467990185144,
        0.6174004884810879
      ],
      "cosinus": [
        0.014393779306221988,
        0.027297704632188835,
        0.03761388668856103,
        0.04881198893701466,
        0.061399674210734334
      ]
    },
    "lg--lg": {
      "jaccard": [
        0.14893617021276595,
        0.44122383252818037,
        0.6383670520231214,
        0.7209302325581395,
        0.7610691144708424
      ],
      "braycurtis": [
        0.25988398717753014,
        0.2949280616723276,
        0.3334859934356156,
        0.3671233922369375,
        0.39708396946564883
      ],
      "dice": [
        0.08045977011494253,
        0.2830578512396694,
        0.46882462191562746,
        0.5636363636363636,
        0.6142950533885378
      ],
      "cosinus": [
        0.01635819110200143,
        0.024303516102902933,
        0.030560479081407466,
        0.037712035800217314,
        0.04613664994838729
      ]
    },
    "lg--md": {
      "jaccard": [
        0.043478260869565216,
        0.19099378881987578,
        0.3595223130106851,
        0.4598978288633461,
        0.5072588142744762
      ],
      "braycurtis": [
        0.07362967814928395,
        0.11763830167331626,
        0.16006153540767207,
        0.19690924249642686,
        0.22884792901170234
      ],
      "dice": [
        0.022222222222222223,
        0.1055793991416309,
        0.21915708812260537,
        0.29861514221743096,
        0.3398169884539836
      ],
      "cosinus": [
        0.007773995688098334,
        0.012528632433201126,
        0.017112234489344513,
        0.021752963693751903,
        0.027393899953130352
      ]
    }
  }
}