{
  "txt": {
    "Kraken-base--PP": {
      "jaccard": [
        0.42857142857142855,
        0.6531927357937902,
        0.6550713459313536,
        0.6413772818353953,
        0.6332188846731127
      ],
      "braycurtis": [
        0.0636522638379383,
        0.08803681372112176,
        0.11378851087999686,
        0.14053326726332066,
        0.16729766202021665
      ],
      "dice": [
        0.2727272727272727,
        0.48499347542409743,
        0.487067729540632,
        0.4720790203639808,
        0.4632920937905031
      ],
      "cosinus": [
        0.011509832300018452,
        0.012456617542911719,
        0.013065746671117373,
        0.01338588645963068,
        0.01356970240448152
      ]
    }
  },
  "json": {
    "md--sm": {
      "jaccard": [
        0.022222222222222223,
        0.15955056179775282,
        0.2858966177409062,
        0.3396825396825397,
        0.37021696252465486
      ],
      "braycurtis": [
        0.1648135744585845,
        0.1890238456729481,
        0.20891945399604042,
        0.22398624508753126,
        0.2366397213166004
      ],
      "dice": [
        0.011235955056179775,
        0.08669108669108669,
        0.16679076693968728,
        0.2045889101338432,
        0.22715720682560814
      ],
      "cosinus": [
        0.012678410107196836,
        0.015494964079355689,
        0.018392597467848937,
        0.02178467209019741,
        0.02620212245516329
      ]
    },
    "md--lg": {
      "jaccard": [
        0.043478260869565216,
        0.2534013605442177,
        0.41893491124260357,
        0.5007876772273762,
        0.5394940629839958
      ],
      "braycurtis": [
        0.16674997500749775,
        0.19065233691577105,
        0.2182896753982537,
        0.24253861920711894,
        0.2636336366363364
      ],
      "dice": [
        0.022222222222222223,
        0.1450827653359299,
        0.26497005988023953,
        0.33403385872737884,
        0.36938847649346057
      ],
      "cosinus": [
        0.005829458583886504,
        0.009032028859558339,
        0.01194836385921716,
        0.015170922250783758,
        0.019148118037000894
      ]
    },
    "md--md": {
      "jaccard": [
        0.08695652173913043,
        0.4293286219081272,
        0.5746812386156649,
        0.6450577663671374,
        0.681835811247576
      ],
      "braycurtis": [
        0.08729356252106504,
        0.16735014886804112,
        0.2293632958801498,
        0.27650429799426934,
        0.31594561186650183
      ],
      "dice": [
        0.045454545454545456,
        0.27334083239595053,
        0.40319488817891375,
        0.4760776882993842,
        0.517261671243625
      ],
      "cosinus": [
        0.017373514406802903,
        0.026679141531611883,
        0.0336582187954505,
        0.04020772953657381,
        0.047573415384630335
      ]
    },
    "sm--sm": {
      "jaccard": [
        0.14,
        0.4528301886792453,
        0.5848686789494316,
        0.6567378431724386,
        0.6946997221628554
      ],
      "braycurtis": [
        0.15158266748617086,
        0.2037570588913219,
        0.2534511461134588,
        0.29401821045756654,
        0.32866144152451204
      ],
      "dice": [
        0.07526881720430108,
        0.2926829268292683,
        0.41329639889196673,
        0.4889126369222549,
        0.5322144903806795
      ],
      "cosinus": [
        0.041671148608955266,
        0.049639851167366134,
        0.05582671317078414,
        0.061305012126695924,
        0.06804387034627302
      ]
    },
    "sm--lg": {
      "jaccard": [
        0.14285714285714285,
        0.46141479099678456,
        0.6094420600858369,
        0.6936274509803921,
        0.7362102866604574
      ],
      "braycurtis": [
        0.13134680271555754,
        0.1987153427107895,
        0.26050602376983645,
        0.3100910717189787,
        0.3514291522667209
      ],
      "dice": [
        0.07692307692307693,
        0.2998955067920585,
        0.4382716049382716,
        0.5309568480300187,
        0.5825417622011136
      ],
      "cosinus": [
        0.04262345637210607,
        0.0523742691232536,
        0.059990048875177004,
        0.06685257494143981,
        0.07513054990538715
      ]
    },
    "sm--md": {
      "jaccard": [
        0.10638297872340426,
        0.43728813559322033,
        0.5767401642888024,
        0.6535987133092079,
        0.6938405797101449
      ],
      "braycurtis": [
        0.22765174453812828,
        0.28114227149911486,
        0.33013432719931673,
        0.369945024226612,
        0.4032521082793645
      ],
      "dice": [
        0.056179775280898875,
        0.279826464208243,
        0.405224787363305,
        0.48544124234731967,
        0.5312066574202496
      ],
      "cosinus": [
        0.04036920805226929,
        0.05096062024599701,
        0.059003485422193136,
        0.06621821699649211,
        0.0748289110377387
      ]
    },
    "lg--md": {
      "jaccard": [
        0.06666666666666667,
        0.43672014260249553,
        0.5932203389830508,
        0.6675971655572257,
        0.7050882658359294
      ],
      "braycurtis": [
        0.11686024109649364,
        0.1991632720466806,
        0.2634186622625929,
        0.3116053732658005,
        0.35182513901888457
      ],
      "dice": [
        0.034482758620689655,
        0.27936145952109465,
        0.42168674698795183,
        0.501047542304593,
        0.5445068163592622
      ],
      "cosinus": [
        0.020036145696839203,
        0.03017213195905155,
        0.037971931521761926,
        0.04525003163748953,
        0.053639511253112504
      ]
    },
    "lg--lg": {
      "jaccard": [
        0.10638297872340426,
        0.4489795918367347,
        0.6070833333333333,
        0.6854017351942663,
        0.7237122657389743
      ],
      "braycurtis": [
        0.16061786938353914,
        0.221241431120293,
        0.2715405925717237,
        0.31125563486100677,
        0.34452218830711434
      ],
      "dice": [
        0.056179775280898875,
        0.2894736842105263,
        0.43583607538139396,
        0.521377331420373,
        0.5670447551217797
      ],
      "cosinus": [
        0.023758960971400622,
        0.03349290543548655,
        0.04084109053116569,
        0.04781625743872775,
        0.056024451069200176
      ]
    }
  }
}