{
  "txt": {
    "Tesseract-PNG--PP": {
      "jaccard": [
        0.5670103092783505,
        0.6784741144414169,
        0.6394275883640913,
        0.6112829518468998,
        0.5919381765714588
      ],
      "braycurtis": [
        0.048464202100068694,
        0.07110212499493752,
        0.09483361553451292,
        0.1190947948209902,
        0.14346384204992407
      ],
      "dice": [
        0.39568345323741005,
        0.51340206185567,
        0.46996953847922296,
        0.4401781865210519,
        0.42039217790176775
      ],
      "cosinus": [
        0.004600726624579443,
        0.0053943559699327626,
        0.005967060491792964,
        0.00634234686370716,
        0.006601556444262524
      ]
    }
  },
  "json": {
    "lg--sm": {
      "jaccard": [
        0.11320754716981132,
        0.2926391382405745,
        0.44428434197886646,
        0.5182167911292147,
        0.5568878593813871
      ],
      "braycurtis": [
        0.3268710550045086,
        0.3362891711129481,
        0.3561801693471617,
        0.37508455467869223,
        0.39173180998196033
      ],
      "dice": [
        0.06,
        0.17139852786540483,
        0.28558196974374805,
        0.3497251069028711,
        0.38589368331602303
      ],
      "cosinus": [
        0.010635974232356071,
        0.017016096826352745,
        0.023665563506044762,
        0.03182827093535523,
        0.04237317460668211
      ]
    },
    "lg--md": {
      "jaccard": [
        0.125,
        0.1956043956043956,
        0.30583756345177665,
        0.35850234009360377,
        0.38627602158828067
      ],
      "braycurtis": [
        0.06014862981885741,
        0.08616885379166182,
        0.11343399148277197,
        0.1357881287025206,
        0.15478624535315985
      ],
      "dice": [
        0.06666666666666667,
        0.10840438489646773,
        0.1805243445692884,
        0.2183995438129633,
        0.23936932632584806
      ],
      "cosinus": [
        0.002579666994715124,
        0.0035425010337959417,
        0.004661136521571074,
        0.006090277691252699,
        0.00800767182903972
      ]
    },
    "lg--lg": {
      "jaccard": [
        0.19148936170212766,
        0.39373601789709173,
        0.5175202156334232,
        0.5711870138654042,
        0.6
      ],
      "braycurtis": [
        0.34618834080717487,
        0.35894752578860817,
        0.3753987240829346,
        0.39008524001794526,
        0.4028118456476219
      ],
      "dice": [
        0.10588235294117647,
        0.24512534818941503,
        0.3490909090909091,
        0.39976331360946743,
        0.42857142857142855
      ],
      "cosinus": [
        0.010418069656671802,
        0.014893481708058043,
        0.01895427983337772,
        0.023617358925727694,
        0.029424405796402042
      ]
    },
    "sm--md": {
      "jaccard": [
        0.1956521739130435,
        0.3686440677966102,
        0.5185862279098111,
        0.5854458693707127,
        0.623900293255132
      ],
      "braycurtis": [
        0.15639679469466702,
        0.2009119801022523,
        0.244149622259075,
        0.280511402902557,
        0.31158418578932817
      ],
      "dice": [
        0.10843373493975904,
        0.22597402597402597,
        0.3500617030028795,
        0.4138730761121653,
        0.4533830580713905
      ],
      "cosinus": [
        0.01026636553976168,
        0.012812998730608038,
        0.014889760754810188,
        0.017271549578949497,
        0.020370319238744772
      ]
    },
    "sm--lg": {
      "jaccard": [
        0.1875,
        0.375,
        0.5365429234338747,
        0.6092342342342343,
        0.6490774271426107
      ],
      "braycurtis": [
        0.19573234984193888,
        0.23830852325121854,
        0.2836187966622749,
        0.3210567927263144,
        0.35276752767527675
      ],
      "dice": [
        0.10344827586206896,
        0.23076923076923078,
        0.36662703131193025,
        0.4380566801619433,
        0.4804697472555527
      ],
      "cosinus": [
        0.014388556541388708,
        0.017691008796767216,
        0.020436764226318904,
        0.023756441928404315,
        0.028218274067229432
      ]
    },
    "sm--sm": {
      "jaccard": [
        0.2777777777777778,
        0.43478260869565216,
        0.5652797704447633,
        0.625170998632011,
        0.6570481844539555
      ],
      "braycurtis": [
        0.48248701189877663,
        0.4942596161903964,
        0.51190077103587,
        0.5288324532729863,
        0.5434702430846605
      ],
      "dice": [
        0.16129032258064516,
        0.2777777777777778,
        0.394,
        0.454726368159204,
        0.4892567081320037
      ],
      "cosinus": [
        0.030742358466598674,
        0.042060417678706497,
        0.053445982600819675,
        0.06763796583586767,
        0.08626952483873918
      ]
    },
    "md--lg": {
      "jaccard": [
        0.19148936170212766,
        0.3933333333333333,
        0.5246666666666666,
        0.5801068090787717,
        0.6104759925171482
      ],
      "braycurtis": [
        0.35380909364649205,
        0.36846860412588467,
        0.3889558232931727,
        0.40646181653863533,
        0.4213317264236216
      ],
      "dice": [
        0.10588235294117647,
        0.24481327800829875,
        0.35562584726615454,
        0.4085566525622943,
        0.4393418100224383
      ],
      "cosinus": [
        0.011486122060573978,
        0.01706492409160676,
        0.021620657525283526,
        0.02683757393541597,
        0.03338556968581263
      ]
    },
    "md--md": {
      "jaccard": [
        0.2,
        0.36065573770491804,
        0.47300215982721383,
        0.5252635405307161,
        0.5541155070486585
      ],
      "braycurtis": [
        0.31838422391857507,
        0.3325910609193574,
        0.34934775692014,
        0.36388225934765317,
        0.37632081476766394
      ],
      "dice": [
        0.1111111111111111,
        0.22,
        0.30975954738330974,
        0.35617451318708404,
        0.3832363579179116
      ],
      "cosinus": [
        0.006650934428907296,
        0.01118419662045489,
        0.014697833348749634,
        0.018529260276526682,
        0.02313985445984279
      ]
    },
    "md--sm": {
      "jaccard": [
        0.2222222222222222,
        0.33093525179856115,
        0.4474592994573261,
        0.5052953636149682,
        0.5379575559037174
      ],
      "braycurtis": [
        0.36282229427203955,
        0.3716513548984791,
        0.3900555898702903,
        0.4070342058528299,
        0.4218996138996139
      ],
      "dice": [
        0.125,
        0.19827586206896552,
        0.28821099459802985,
        0.3380569988978114,
        0.3679493424257185
      ],
      "cosinus": [
        0.017108238933511766,
        0.026961458250629566,
        0.0377138792397862,
        0.05107680479483978,
        0.06847720106710176
      ]
    }
  }
}