{
  "txt": {
    "Tesseract-PNG--PP": {
      "jaccard": [
        0.43559160305343514
      ],
      "braycurtis": [
        0.13117754728492984
      ],
      "dice": [
        0.2784385483379079
      ],
      "cosinus": [
        0.017835689859796777
      ]
    }
  },
  "json": {
    "sm--md": {
      "jaccard": [
        0.7791044776119403
      ],
      "braycurtis": [
        0.5942028985507246
      ],
      "dice": [
        0.6381418092909535
      ],
      "cosinus": [
        0.4685531688023359
      ]
    },
    "sm--lg": {
      "jaccard": [
        0.6
      ],
      "braycurtis": [
        0.47735191637630664
      ],
      "dice": [
        0.42857142857142855
      ],
      "cosinus": [
        0.45762355512185937
      ]
    },
    "sm--sm": {
      "jaccard": [
        0.7010869565217391
      ],
      "braycurtis": [
        0.4022801302931596
      ],
      "dice": [
        0.5397489539748954
      ],
      "cosinus": [
        0.09786461684943781
      ]
    },
    "md--lg": {
      "jaccard": [
        0.35172413793103446
      ],
      "braycurtis": [
        0.18864774624373956
      ],
      "dice": [
        0.21338912133891214
      ],
      "cosinus": [
        0.04592034536651035
      ]
    },
    "md--md": {
      "jaccard": [
        0.6351931330472103
      ],
      "braycurtis": [
        0.3674033149171271
      ],
      "dice": [
        0.46540880503144655
      ],
      "cosinus": [
        0.1903896415933618
      ]
    },
    "md--sm": {
      "jaccard": [
        0.5560747663551402
      ],
      "braycurtis": [
        0.45560747663551404
      ],
      "dice": [
        0.3851132686084142
      ],
      "cosinus": [
        0.4212702457033899
      ]
    },
    "lg--md": {
      "jaccard": [
        0.7093023255813954
      ],
      "braycurtis": [
        0.43922651933701656
      ],
      "dice": [
        0.5495495495495496
      ],
      "cosinus": [
        0.17240423509558345
      ]
    },
    "lg--sm": {
      "jaccard": [
        0.7781155015197568
      ],
      "braycurtis": [
        0.6125760649087221
      ],
      "dice": [
        0.6368159203980099
      ],
      "cosinus": [
        0.50785209916858
      ]
    },
    "lg--lg": {
      "jaccard": [
        0.6825396825396826
      ],
      "braycurtis": [
        0.41289437585733885
      ],
      "dice": [
        0.5180722891566265
      ],
      "cosinus": [
        0.17818141015736555
      ]
    }
  }
}