{
  "txt": {
    "TesseractFra-PNG--PP": {
      "jaccard": [
        0.34077707499677296
      ],
      "braycurtis": [
        0.08514178579798454
      ],
      "dice": [
        0.20538353819822625
      ],
      "cosinus": [
        0.01210729980405556
      ]
    }
  },
  "json": {
    "sm--md": {
      "jaccard": [
        0.6805555555555556
      ],
      "braycurtis": [
        0.5148936170212766
      ],
      "dice": [
        0.5157894736842106
      ],
      "cosinus": [
        0.43826116092828116
      ]
    },
    "sm--lg": {
      "jaccard": [
        0.6
      ],
      "braycurtis": [
        0.47735191637630664
      ],
      "dice": [
        0.42857142857142855
      ],
      "cosinus": [
        0.45762355512185937
      ]
    },
    "sm--sm": {
      "jaccard": [
        0.5746031746031746
      ],
      "braycurtis": [
        0.30615640599001664
      ],
      "dice": [
        0.40311804008908686
      ],
      "cosinus": [
        0.0743513199048712
      ]
    },
    "md--lg": {
      "jaccard": [
        0.35172413793103446
      ],
      "braycurtis": [
        0.18864774624373956
      ],
      "dice": [
        0.21338912133891214
      ],
      "cosinus": [
        0.04592034536651035
      ]
    },
    "md--md": {
      "jaccard": [
        0.5190476190476191
      ],
      "braycurtis": [
        0.28610354223433243
      ],
      "dice": [
        0.3504823151125402
      ],
      "cosinus": [
        0.124661222585433
      ]
    },
    "md--sm": {
      "jaccard": [
        0.5560747663551402
      ],
      "braycurtis": [
        0.45560747663551404
      ],
      "dice": [
        0.3851132686084142
      ],
      "cosinus": [
        0.4212702457033899
      ]
    },
    "lg--md": {
      "jaccard": [
        0.6266094420600858
      ],
      "braycurtis": [
        0.3539325842696629
      ],
      "dice": [
        0.45625
      ],
      "cosinus": [
        0.11218095292704844
      ]
    },
    "lg--sm": {
      "jaccard": [
        0.7161716171617162
      ],
      "braycurtis": [
        0.5482546201232033
      ],
      "dice": [
        0.5578406169665809
      ],
      "cosinus": [
        0.4601258605644152
      ]
    },
    "lg--lg": {
      "jaccard": [
        0.55
      ],
      "braycurtis": [
        0.2803347280334728
      ],
      "dice": [
        0.3793103448275862
      ],
      "cosinus": [
        0.11352337742046181
      ]
    }
  }
}