{
  "txt": {
    "TesseractFra-BIN--PP": {
      "jaccard": [
        0.34982738780207134
      ],
      "braycurtis": [
        0.08780607879221221
      ],
      "dice": [
        0.21199442119944212
      ],
      "cosinus": [
        0.012069464733155844
      ]
    }
  },
  "json": {
    "lg--md": {
      "jaccard": [
        0.6206896551724138
      ],
      "braycurtis": [
        0.34545454545454546
      ],
      "dice": [
        0.45
      ],
      "cosinus": [
        0.0979335229888384
      ]
    },
    "lg--sm": {
      "jaccard": [
        0.7245901639344262
      ],
      "braycurtis": [
        0.5516888433981576
      ],
      "dice": [
        0.5681233933161953
      ],
      "cosinus": [
        0.4576813825652083
      ]
    },
    "lg--lg": {
      "jaccard": [
        0.54337899543379
      ],
      "braycurtis": [
        0.275
      ],
      "dice": [
        0.3730407523510972
      ],
      "cosinus": [
        0.09868951813172588
      ]
    },
    "md--sm": {
      "jaccard": [
        0.5560747663551402
      ],
      "braycurtis": [
        0.45560747663551404
      ],
      "dice": [
        0.3851132686084142
      ],
      "cosinus": [
        0.4212702457033899
      ]
    },
    "md--md": {
      "jaccard": [
        0.5118483412322274
      ],
      "braycurtis": [
        0.27694406548431105
      ],
      "dice": [
        0.34394904458598724
      ],
      "cosinus": [
        0.10873359506355262
      ]
    },
    "md--lg": {
      "jaccard": [
        0.35172413793103446
      ],
      "braycurtis": [
        0.18864774624373956
      ],
      "dice": [
        0.21338912133891214
      ],
      "cosinus": [
        0.04592034536651035
      ]
    },
    "sm--md": {
      "jaccard": [
        0.6872852233676976
      ],
      "braycurtis": [
        0.5236096537250787
      ],
      "dice": [
        0.5235602094240838
      ],
      "cosinus": [
        0.43596368786208917
      ]
    },
    "sm--sm": {
      "jaccard": [
        0.5950155763239875
      ],
      "braycurtis": [
        0.30534979423868314
      ],
      "dice": [
        0.42350332594235035
      ],
      "cosinus": [
        0.06523643541876578
      ]
    },
    "sm--lg": {
      "jaccard": [
        0.6
      ],
      "braycurtis": [
        0.47735191637630664
      ],
      "dice": [
        0.42857142857142855
      ],
      "cosinus": [
        0.45762355512185937
      ]
    }
  }
}