{
  "txt": {
    "PP--Kraken-base": {
      "jaccard": [
        0.38823529411764707,
        0.7285342584562012,
        0.7647610584518167,
        0.7569407128783808,
        0.7350451701746263
      ],
      "braycurtis": [
        0.0829609112830118,
        0.10699458585888244,
        0.13096630437796775,
        0.1562242512957314,
        0.18156460462811738
      ],
      "dice": [
        0.24087591240875914,
        0.572987721691678,
        0.6191199392510291,
        0.6089337175792507,
        0.5810841247794587
      ],
      "cosinus": [
        0.014650306161510529,
        0.015991784925010633,
        0.016745733387724004,
        0.017080503791477186,
        0.01723675039836836
      ]
    }
  },
  "json": {
    "sm--md": {
      "jaccard": [
        0.07142857142857142,
        0.3051020408163265,
        0.44430590191188696,
        0.5242031702744162,
        0.5653291446522919
      ],
      "braycurtis": [
        0.17845059675492017,
        0.18586771862132512,
        0.20435185318494417,
        0.22441545726791062,
        0.2440342667914477
      ],
      "dice": [
        0.037037037037037035,
        0.18001204093919326,
        0.2855997862676997,
        0.3552000923947566,
        0.39404797451975715
      ],
      "cosinus": [
        0.006957654842772665,
        0.008973731705163024,
        0.009970105962695652,
        0.011561945988845745,
        0.0139528857232456
      ]
    },
    "sm--sm": {
      "jaccard": [
        0.19298245614035087,
        0.5257731958762887,
        0.6541595197255574,
        0.7206743566992014,
        0.7565412409668577
      ],
      "braycurtis": [
        0.3416048128760059,
        0.3738006688127012,
        0.4040910724610504,
        0.4301865858232279,
        0.45246050225813006
      ],
      "dice": [
        0.10679611650485436,
        0.35664335664335667,
        0.48606021985024694,
        0.5633236232487169,
        0.6084168336673347
      ],
      "cosinus": [
        0.06407616188776233,
        0.07160989893227498,
        0.07758147589239428,
        0.08544193014992518,
        0.09634853683952072
      ]
    },
    "sm--lg": {
      "jaccard": [
        0.16981132075471697,
        0.5348837209302325,
        0.6722649871705155,
        0.7492745211839814,
        0.78925058420738
      ],
      "braycurtis": [
        0.318898941826613,
        0.3639517450577037,
        0.4073673750457628,
        0.44498779637377966,
        0.47741766767203053
      ],
      "dice": [
        0.09278350515463918,
        0.36507936507936506,
        0.5063246661981728,
        0.5990719257540603,
        0.6518694734952197
      ],
      "cosinus": [
        0.08380893686847135,
        0.08855335900242245,
        0.09556359865345954,
        0.10626520752759949,
        0.12176124426872326
      ]
    },
    "md--md": {
      "jaccard": [
        0.2222222222222222,
        0.5351418002466092,
        0.6756531406336854,
        0.7420721374969741,
        0.775971534221726
      ],
      "braycurtis": [
        0.3998788387156904,
        0.42922385068853836,
        0.45510609873551433,
        0.47682628451590353,
        0.49509251060260057
      ],
      "dice": [
        0.125,
        0.3653198653198653,
        0.5101783840503673,
        0.5899162898104493,
        0.6339489284085728
      ],
      "cosinus": [
        0.08723928994963304,
        0.09440352394835072,
        0.1033229585983817,
        0.11604571060917757,
        0.13398056212042853
      ]
    },
    "md--sm": {
      "jaccard": [
        0.2,
        0.5087719298245614,
        0.6516825715720743,
        0.7295697219579237,
        0.770618556701031
      ],
      "braycurtis": [
        0.28565345308144935,
        0.33128157482143894,
        0.3775953957131612,
        0.41718123923269,
        0.4517150600077429
      ],
      "dice": [
        0.1111111111111111,
        0.3411764705882353,
        0.48333022909294093,
        0.5742697844719981,
        0.6268343815513627
      ],
      "cosinus": [
        0.07958052400121451,
        0.084060643523303,
        0.0911507998102461,
        0.1020051885897777,
        0.11774570729496969
      ]
    },
    "md--lg": {
      "jaccard": [
        0.038461538461538464,
        0.23809523809523808,
        0.3646919431279621,
        0.4355603874283455,
        0.46963788300835657
      ],
      "braycurtis": [
        0.0942747544845369,
        0.10500429758380288,
        0.12278020957686696,
        0.13945307525786324,
        0.1543033602343091
      ],
      "dice": [
        0.0196078431372549,
        0.13513513513513514,
        0.22301115780321693,
        0.2784130393581401,
        0.3068802329814343
      ],
      "cosinus": [
        0.0007397967243037984,
        0.0009812846629160266,
        0.0013199869061982783,
        0.0017704561162161792,
        0.0023837941431982257
      ]
    },
    "lg--lg": {
      "jaccard": [
        0.17647058823529413,
        0.5828437132784959,
        0.7194300518134715,
        0.7793709014115816,
        0.8101939901103081
      ],
      "braycurtis": [
        0.4730161381239692,
        0.4945509207065013,
        0.5160866025012005,
        0.5345644730248873,
        0.5502829105334586
      ],
      "dice": [
        0.0967741935483871,
        0.41127694859038144,
        0.561804572122193,
        0.6384993625933345,
        0.6809462915601023
      ],
      "cosinus": [
        0.08734729672778352,
        0.09490938677478933,
        0.10385850907016958,
        0.11664757578753215,
        0.13449720379937824
      ]
    }
  }
}