{
  "txt": {
    "PP--TesseractFra-PNG": {
      "jaccard": [
        0.36633663366336633,
        0.7931034482758621,
        0.7813821803793151,
        0.7213303542427434,
        0.6620924490020603
      ],
      "braycurtis": [
        0.03958308233629587,
        0.0581318765507765,
        0.07776520817385348,
        0.097377145603883,
        0.11653643621014234
      ],
      "dice": [
        0.22424242424242424,
        0.6571428571428571,
        0.6412036389083275,
        0.5641256571908028,
        0.4948715989443429
      ],
      "cosinus": [
        0.0023171386483648027,
        0.0027544524591898156,
        0.0031052547874448333,
        0.0032792508080257132,
        0.0033716196114644825
      ]
    }
  },
  "json": {
    "sm--md": {
      "jaccard": [
        0.2903225806451613,
        0.5304740406320542,
        0.6370199249205891,
        0.6955886260961999,
        0.7268857886025065
      ],
      "braycurtis": [
        0.1928751451306884,
        0.2253341640235614,
        0.2607591590911236,
        0.29071084678561315,
        0.3159364467982667
      ],
      "dice": [
        0.16981132075471697,
        0.36098310291858676,
        0.4673728813559322,
        0.5332586329835999,
        0.5709509658246656
      ],
      "cosinus": [
        0.015466441828140609,
        0.019960029943358437,
        0.023964290707640612,
        0.028133432028779493,
        0.03302892967811122
      ]
    },
    "sm--lg": {
      "jaccard": [
        0.0851063829787234,
        0.2342857142857143,
        0.40904850746268656,
        0.4892541087231353,
        0.5277396833312554
      ],
      "braycurtis": [
        0.2586563588850174,
        0.265659452837893,
        0.2769822689243389,
        0.28694906487354693,
        0.2957094631384079
      ],
      "dice": [
        0.044444444444444446,
        0.13268608414239483,
        0.2571093520961595,
        0.3238493723849372,
        0.3584554153611652
      ],
      "cosinus": [
        0.009186953701305844,
        0.012165802455052166,
        0.014941000341516908,
        0.01810737432902021,
        0.02198051857355121
      ]
    },
    "sm--sm": {
      "jaccard": [
        0.2698412698412698,
        0.47026431718061673,
        0.5745649263721553,
        0.6404040404040404,
        0.6772519717725197
      ],
      "braycurtis": [
        0.10874055244104497,
        0.14800944209905126,
        0.184510974419502,
        0.21611131287452334,
        0.2434547724435365
      ],
      "dice": [
        0.1559633027522936,
        0.3074154067674586,
        0.40308039068369644,
        0.4710252600297177,
        0.5120037658873372
      ],
      "cosinus": [
        0.009386866186832266,
        0.012319008054510028,
        0.014644131554489626,
        0.016875797401015635,
        0.019398721787084683
      ]
    },
    "md--lg": {
      "jaccard": [
        0.022727272727272728,
        0.10810810810810811,
        0.22229259024699177,
        0.2744243932794026,
        0.30157510564733
      ],
      "braycurtis": [
        0.03465523401214719,
        0.05745114151988281,
        0.07836691915582869,
        0.09399006681673634,
        0.10666761952404774
      ],
      "dice": [
        0.011494252873563218,
        0.05714285714285714,
        0.12504453152832204,
        0.1590335376848179,
        0.17756163763854332
      ],
      "cosinus": [
        0.0012057004565156904,
        0.001816761699484415,
        0.002477412761420106,
        0.0031660212116605413,
        0.003979910366301298
      ]
    },
    "md--md": {
      "jaccard": [
        0.2413793103448276,
        0.49817739975698666,
        0.5907065563335455,
        0.6414419782511545,
        0.6706762897620957
      ],
      "braycurtis": [
        0.12074626407683574,
        0.1406652755615564,
        0.1633678051574759,
        0.18296200822439085,
        0.1998649685438085
      ],
      "dice": [
        0.13725490196078433,
        0.33171521035598706,
        0.41915085817524844,
        0.47214912280701754,
        0.5045244319324351
      ],
      "cosinus": [
        0.006653527796677827,
        0.008551243798071262,
        0.01018967190251474,
        0.011885512511934038,
        0.01385765847275322
      ]
    },
    "md--sm": {
      "jaccard": [
        0.06382978723404255,
        0.17714285714285713,
        0.35902168897092757,
        0.45037220843672454,
        0.4955547436365851
      ],
      "braycurtis": [
        0.23730442676349656,
        0.24582810455771234,
        0.26090284452988716,
        0.27399802408480417,
        0.2852977303070761
      ],
      "dice": [
        0.03296703296703297,
        0.09717868338557993,
        0.218785151856018,
        0.29063250600480384,
        0.3293936695539545
      ],
      "cosinus": [
        0.006179937380687561,
        0.0085721723251031,
        0.010921934810477985,
        0.013612517778454625,
        0.01691510755531389
      ]
    },
    "lg--md": {
      "jaccard": [
        0.2413793103448276,
        0.4860406091370558,
        0.5989445910290238,
        0.6576881637678929,
        0.691062890768665
      ],
      "braycurtis": [
        0.11026330602289074,
        0.14335303499390187,
        0.17713284963722792,
        0.20608287724784988,
        0.23068743353975105
      ],
      "dice": [
        0.13725490196078433,
        0.32103939647946356,
        0.4274952919020716,
        0.4899667469326912,
        0.5279572913739815
      ],
      "cosinus": [
        0.006222168373413495,
        0.008388203466810462,
        0.010521808756331352,
        0.012804141132737978,
        0.015511076780195476
      ]
    },
    "lg--sm": {
      "jaccard": [
        0.22033898305084745,
        0.4484848484848485,
        0.5874818049490539,
        0.6649890308426893,
        0.7079014571128136
      ],
      "braycurtis": [
        0.16732148119045281,
        0.20253910566510325,
        0.2403123618682776,
        0.27347069079835956,
        0.3019056974459725
      ],
      "dice": [
        0.12380952380952381,
        0.2890625,
        0.41591096455070076,
        0.49811503141614305,
        0.5478695576352962
      ],
      "cosinus": [
        0.006970223399937248,
        0.00964794926972723,
        0.01207430397317888,
        0.014775136433501257,
        0.018069821293930644
      ]
    },
    "lg--lg": {
      "jaccard": [
        0.25862068965517243,
        0.49547218628719275,
        0.5987021857923497,
        0.6493485603989062,
        0.6790159189580318
      ],
      "braycurtis": [
        0.13128598848368522,
        0.1539396653763716,
        0.1781303986179538,
        0.198531528937518,
        0.21567699001791657
      ],
      "dice": [
        0.1485148514851485,
        0.32932072226999143,
        0.4272483548622959,
        0.48076694057401453,
        0.514022787028922
      ],
      "cosinus": [
        0.008217957781170071,
        0.01020016015961156,
        0.011736074528221452,
        0.013482496837278535,
        0.015620518056436272
      ]
    }
  }
}