{
  "txt": {
    "PP--TesseractFra-BIN": {
      "jaccard": [
        0.4,
        0.5388634879163945,
        0.5071949947862356,
        0.4870308292575699,
        0.4669069801070049
      ],
      "braycurtis": [
        0.02703098776330527,
        0.0394003415952393,
        0.05380977636347565,
        0.06975510780874089,
        0.08622341631919608
      ],
      "dice": [
        0.25,
        0.3687974966472955,
        0.339759709416038,
        0.32190400087172877,
        0.30455228355262715
      ],
      "cosinus": [
        0.0029251927057460936,
        0.003164033395596788,
        0.003302875008923567,
        0.0033775591504893177,
        0.0034246487963639494
      ]
    }
  },
  "json": {
    "lg--sm": {
      "jaccard": [
        0.30612244897959184,
        0.48947368421052634,
        0.606845513413506,
        0.6565455450472872,
        0.6842783505154639
      ],
      "braycurtis": [
        0.29292054557263475,
        0.3284971849285405,
        0.36798787091184754,
        0.4004549393414211,
        0.4282123510292524
      ],
      "dice": [
        0.18072289156626506,
        0.3240418118466899,
        0.4355909694555113,
        0.488699518340126,
        0.5200783545543585
      ],
      "cosinus": [
        0.022145325633189494,
        0.03206304768363788,
        0.04301791046011838,
        0.05550971697882712,
        0.07068822961584476
      ]
    },
    "lg--md": {
      "jaccard": [
        0.11904761904761904,
        0.276657060518732,
        0.37104994903160043,
        0.42248908296943233,
        0.4509321139641224
      ],
      "braycurtis": [
        0.09823557463042441,
        0.14548056284283328,
        0.1875,
        0.2203531376759723,
        0.24840095465393794
      ],
      "dice": [
        0.06329113924050633,
        0.1605351170568562,
        0.22778473091364204,
        0.26782006920415224,
        0.29109900090826524
      ],
      "cosinus": [
        0.016718731582828994,
        0.020225663373754088,
        0.02521029099518579,
        0.031005924703342846,
        0.03835646157066164
      ]
    },
    "lg--lg": {
      "jaccard": [
        0.175,
        0.41846153846153844,
        0.5304740406320542,
        0.5763975155279503,
        0.6027676027676028
      ],
      "braycurtis": [
        0.12516680010675207,
        0.15082754938601176,
        0.17668001780151313,
        0.19671474358974358,
        0.21314453646807374
      ],
      "dice": [
        0.0958904109589041,
        0.26459143968871596,
        0.36098310291858676,
        0.4048865619546248,
        0.43140110690358285
      ],
      "cosinus": [
        0.007468572872422641,
        0.010071734468558136,
        0.012486199196405257,
        0.015191598402638617,
        0.018319067211494566
      ]
    },
    "sm--md": {
      "jaccard": [
        0.22,
        0.3341772151898734,
        0.4452113891285591,
        0.49658002735978113,
        0.5258092738407699
      ],
      "braycurtis": [
        0.2025266482431899,
        0.2456071076011846,
        0.2822538177988415,
        0.3106853644084535,
        0.33441327538522325
      ],
      "dice": [
        0.12359550561797752,
        0.2006079027355623,
        0.28634850166481685,
        0.3303002729754322,
        0.3566765578635015
      ],
      "cosinus": [
        0.013257155102043616,
        0.019213138185856682,
        0.0253880068388449,
        0.032107219994528924,
        0.04031744263335102
      ]
    },
    "sm--sm": {
      "jaccard": [
        0.26,
        0.37,
        0.5058430717863105,
        0.5652936021034181,
        0.5964175762664428
      ],
      "braycurtis": [
        0.09529820132533923,
        0.13586870759034245,
        0.17634680134680134,
        0.21049723756906077,
        0.24003789074834228
      ],
      "dice": [
        0.14942528735632185,
        0.22699386503067484,
        0.33854748603351953,
        0.39401343921808185,
        0.42492522432701896
      ],
      "cosinus": [
        0.005776896782127894,
        0.008908753207649833,
        0.012118742411239114,
        0.015921914051697295,
        0.020693838694917588
      ]
    },
    "sm--lg": {
      "jaccard": [
        0.20408163265306123,
        0.36318407960199006,
        0.4784853700516351,
        0.5304906006419073,
        0.5594467333725721
      ],
      "braycurtis": [
        0.1796288985392815,
        0.22625863770977295,
        0.2684307530279094,
        0.30298242148923565,
        0.3329118925325958
      ],
      "dice": [
        0.11363636363636363,
        0.22188449848024316,
        0.31447963800904977,
        0.3609984399375975,
        0.38835546475995913
      ],
      "cosinus": [
        0.008229154174069886,
        0.014121686077477102,
        0.020727683429053734,
        0.028228630374084407,
        0.037674261799128805
      ]
    },
    "md--sm": {
      "jaccard": [
        0.2857142857142857,
        0.4868421052631579,
        0.6142595978062158,
        0.6658488714425908,
        0.6940653760710885
      ],
      "braycurtis": [
        0.3554093898843275,
        0.37522686025408347,
        0.4050374404356705,
        0.42918747162959603,
        0.44889897843359816
      ],
      "dice": [
        0.16666666666666666,
        0.3217391304347826,
        0.44327176781002636,
        0.4990805443177639,
        0.5314702308626974
      ],
      "cosinus": [
        0.026520266794358927,
        0.03645215008720548,
        0.04640354662969115,
        0.05735725146123272,
        0.07034568321315748
      ]
    },
    "md--lg": {
      "jaccard": [
        0.15,
        0.42507645259938837,
        0.5518763796909493,
        0.6055488540410132,
        0.6362204724409449
      ],
      "braycurtis": [
        0.19875600791631326,
        0.2341628959276018,
        0.2727958510136728,
        0.3019241652518393,
        0.3266911972827625
      ],
      "dice": [
        0.08108108108108109,
        0.26990291262135924,
        0.38109756097560976,
        0.4342560553633218,
        0.4665127020785219
      ],
      "cosinus": [
        0.017643564590462235,
        0.024349410288677098,
        0.03169522897238253,
        0.03975673001306523,
        0.049412697305503905
      ]
    },
    "md--md": {
      "jaccard": [
        0.125,
        0.38557993730407525,
        0.5176211453744494,
        0.5724465558194775,
        0.6029298380878951
      ],
      "braycurtis": [
        0.1931014984450099,
        0.21436651583710406,
        0.2428099952852428,
        0.2651386530843237,
        0.2827625247664874
      ],
      "dice": [
        0.06666666666666667,
        0.23883495145631067,
        0.3491827637444279,
        0.40099833610648916,
        0.4315673289183223
      ],
      "cosinus": [
        0.0191258467613743,
        0.024506463843443016,
        0.02950964675231027,
        0.03473914457061866,
        0.040658294292088115
      ]
    }
  }
}