{
  "txt": {
    "PP--Kraken-17": {
      "jaccard": [
        0.36363636363636365,
        0.64,
        0.7065872665784444,
        0.7486575407851894,
        0.7674031542540356
      ],
      "braycurtis": [
        0.1055338700134851,
        0.15131599987207778,
        0.20056522771676785,
        0.24979567905621491,
        0.29669763466995003
      ],
      "dice": [
        0.2222222222222222,
        0.47058823529411764,
        0.5462968225998976,
        0.5982834956746815,
        0.622590554975504
      ],
      "cosinus": [
        0.019566636725506736,
        0.022277736033244788,
        0.023635735209484254,
        0.02435142150387859,
        0.02479039348656431
      ]
    }
  },
  "json": {
    "sm--md": {
      "jaccard": [
        0.07894736842105263,
        0.3201320132013201,
        0.46490218642117376,
        0.5256965944272446,
        0.5600642828445158
      ],
      "braycurtis": [
        0.40611353711790393,
        0.42054908485856907,
        0.4383191179529852,
        0.45224719101123595,
        0.4636420395421436
      ],
      "dice": [
        0.0410958904109589,
        0.1905697445972495,
        0.3028485757121439,
        0.35657286854262915,
        0.38895089285714285
      ],
      "cosinus": [
        0.018269727929017154,
        0.030024970238520243,
        0.040922421109222284,
        0.052208436065467545,
        0.06511273023481379
      ]
    },
    "sm--lg": {
      "jaccard": [
        0.0625,
        0.2634228187919463,
        0.49983760961351087,
        0.6275150248236216,
        0.6842720432464022
      ],
      "braycurtis": [
        0.18112518788919907,
        0.2081924088688463,
        0.25169118436594007,
        0.29613422818791946,
        0.3361469072164949
      ],
      "dice": [
        0.03225806451612903,
        0.15169082125603864,
        0.3331890019484737,
        0.45721085197524985,
        0.5200710676808616
      ],
      "cosinus": [
        0.007215474634926111,
        0.008551040298655721,
        0.010135002713663521,
        0.012141929373905125,
        0.014804385053294067
      ]
    },
    "sm--sm": {
      "jaccard": [
        0.2127659574468085,
        0.5,
        0.7098736546560599,
        0.7866923406076166,
        0.822380106571936
      ],
      "braycurtis": [
        0.4009775524981897,
        0.4297094233728614,
        0.469974047920816,
        0.5043005885015844,
        0.5327055414704817
      ],
      "dice": [
        0.11904761904761904,
        0.3333333333333333,
        0.5502357635110627,
        0.6483865279492153,
        0.698340874811463
      ],
      "cosinus": [
        0.018746048832483764,
        0.02457421633252299,
        0.03037613314224641,
        0.037096408226811595,
        0.04552247098992124
      ]
    },
    "md--lg": {
      "jaccard": [
        0.02127659574468085,
        0.20304568527918782,
        0.42538265306122447,
        0.5590719959651999,
        0.6169943820224719
      ],
      "braycurtis": [
        0.14384572329924183,
        0.16731121514349684,
        0.2056723152341696,
        0.24661577608142493,
        0.28293551834698966
      ],
      "dice": [
        0.010752688172043012,
        0.11299435028248588,
        0.27014985824220333,
        0.387994399719986,
        0.44612572357063063
      ],
      "cosinus": [
        0.00825792532294578,
        0.011112513318956907,
        0.013843281101849958,
        0.017039061819688506,
        0.020950992138453306
      ]
    },
    "md--sm": {
      "jaccard": [
        0.2127659574468085,
        0.5273722627737226,
        0.7460252751732572,
        0.8260637350899056,
        0.8616071428571429
      ],
      "braycurtis": [
        0.4531599436759712,
        0.4845924453280318,
        0.5328749344158176,
        0.5742750621375311,
        0.609014831386196
      ],
      "dice": [
        0.11904761904761904,
        0.35811648079306074,
        0.5949284785435631,
        0.7036700030330604,
        0.7568627450980392
      ],
      "cosinus": [
        0.0468945325950455,
        0.05638840239181275,
        0.06490437906258228,
        0.07479060392355374,
        0.08783227663787063
      ]
    },
    "md--md": {
      "jaccard": [
        0.2765957446808511,
        0.6200378071833649,
        0.811704834605598,
        0.8735310576385003,
        0.900600764609503
      ],
      "braycurtis": [
        0.7222003154574133,
        0.7313418120871537,
        0.74995070005916,
        0.7679716004338822,
        0.7829585798816568
      ],
      "dice": [
        0.16049382716049382,
        0.44931506849315067,
        0.683083511777302,
        0.7754595131644312,
        0.8191753601589667
      ],
      "cosinus": [
        0.07219797786161952,
        0.09514174005623033,
        0.11427694396029053,
        0.1344451877196231,
        0.15841473150546803
      ]
    },
    "lg--lg": {
      "jaccard": [
        0.2765957446808511,
        0.6326164874551972,
        0.8342480790340285,
        0.8949470127476578,
        0.9193136823581171
      ],
      "braycurtis": [
        0.7428367330740535,
        0.7497221781235117,
        0.7639120425498135,
        0.7788583677357891,
        0.7914410480349345
      ],
      "dice": [
        0.16049382716049382,
        0.46264744429882043,
        0.7156308851224106,
        0.8098679638637943,
        0.8506757857026543
      ],
      "cosinus": [
        0.057498404170308715,
        0.0718240839237948,
        0.08512028281680373,
        0.10059687544501661,
        0.11990702516007201
      ]
    },
    "lg--sm": {
      "jaccard": [
        0.22916666666666666,
        0.5524956970740104,
        0.778169014084507,
        0.8549955791335102,
        0.8873263157894736
      ],
      "braycurtis": [
        0.537644922475206,
        0.5569602570370887,
        0.591645711092484,
        0.6238560950052393,
        0.6515579153276513
      ],
      "dice": [
        0.12941176470588237,
        0.3816884661117717,
        0.6368876080691642,
        0.7467181467181467,
        0.7974721864830091
      ],
      "cosinus": [
        0.028795718561554495,
        0.03543065241767185,
        0.0416760183559427,
        0.04919893586648838,
        0.059070123488599635
      ]
    },
    "lg--md": {
      "jaccard": [
        0.2916666666666667,
        0.6405693950177936,
        0.8361252731245448,
        0.8971262610822378,
        0.9215205395462907
      ],
      "braycurtis": [
        0.7725401565905239,
        0.7798676138198256,
        0.794139016711068,
        0.8095430324559987,
        0.8223334679047235
      ],
      "dice": [
        0.17073170731707318,
        0.4712041884816754,
        0.718397997496871,
        0.8134442134442135,
        0.8544627629334849
      ],
      "cosinus": [
        0.05552392639413917,
        0.07668995242468724,
        0.0941286185608966,
        0.11261918670512094,
        0.13433970110874627
      ]
    }
  }
}