{
  "txt": {
    "PP--Tesseract-BIN": {
      "jaccard": [
        0.46875,
        0.7093380096448926,
        0.6888401559454191,
        0.6577746362001936,
        0.6364835908424495
      ],
      "braycurtis": [
        0.05472694072335006,
        0.08070466853936356,
        0.10837292598140856,
        0.1367947283065807,
        0.16464294619737221
      ],
      "dice": [
        0.30612244897959184,
        0.5495923913043478,
        0.525367032150158,
        0.49006273755552504,
        0.4667956957230176
      ],
      "cosinus": [
        0.004565892638282887,
        0.005664682729575321,
        0.0064981444511510444,
        0.006938803801194604,
        0.007165878741960063
      ]
    }
  },
  "json": {
    "md--lg": {
      "jaccard": [
        0.022727272727272728,
        0.09828009828009827,
        0.19413919413919414,
        0.23142963792459872,
        0.251530852567122
      ],
      "braycurtis": [
        0.04299554857292485,
        0.06724625536817848,
        0.0852144765097156,
        0.09860150848522942,
        0.10982138180294379
      ],
      "dice": [
        0.011494252873563218,
        0.05167958656330749,
        0.1075050709939148,
        0.13085690164626423,
        0.14385775862068967
      ],
      "cosinus": [
        0.0023135648209654525,
        0.003863410061285766,
        0.005392602881181929,
        0.007022570785423565,
        0.008923906514207935
      ]
    },
    "md--md": {
      "jaccard": [
        0.19230769230769232,
        0.4192495921696574,
        0.5646200085873766,
        0.632129667624128,
        0.6666249843691384
      ],
      "braycurtis": [
        0.06504195393084282,
        0.132870122928915,
        0.19201097511001836,
        0.23781270044900576,
        0.27622814989041533
      ],
      "dice": [
        0.10638297872340426,
        0.26522187822497423,
        0.3933592581513611,
        0.46212689365531723,
        0.4999531088811779
      ],
      "cosinus": [
        0.006908668723199951,
        0.012466412206644573,
        0.017855229866012512,
        0.023372916874927485,
        0.029890261581293265
      ]
    },
    "md--sm": {
      "jaccard": [
        0.022222222222222223,
        0.15955056179775282,
        0.2858966177409062,
        0.3396825396825397,
        0.37021696252465486
      ],
      "braycurtis": [
        0.1648135744585845,
        0.1890238456729481,
        0.20891945399604042,
        0.22398624508753126,
        0.2366397213166004
      ],
      "dice": [
        0.011235955056179775,
        0.08669108669108669,
        0.16679076693968728,
        0.2045889101338432,
        0.22715720682560814
      ],
      "cosinus": [
        0.012678410107196836,
        0.015494964079355689,
        0.018392597467848937,
        0.02178467209019741,
        0.02620212245516329
      ]
    },
    "lg--md": {
      "jaccard": [
        0.16326530612244897,
        0.42787682333873583,
        0.60655090765588,
        0.6842200835300527,
        0.7223491027732464
      ],
      "braycurtis": [
        0.08483211901971774,
        0.15739325384693773,
        0.22330360934182591,
        0.2742560130452507,
        0.31631249044488613
      ],
      "dice": [
        0.08888888888888889,
        0.2721649484536082,
        0.4352874539790428,
        0.5200110405741099,
        0.5653728294177732
      ],
      "cosinus": [
        0.007090550738973578,
        0.013376686749517308,
        0.019398971055942127,
        0.025550499727749698,
        0.032708422671130166
      ]
    },
    "lg--sm": {
      "jaccard": [
        0.14285714285714285,
        0.41798107255520506,
        0.584515139900345,
        0.6693477880748383,
        0.7123073719283631
      ],
      "braycurtis": [
        0.13429503692254852,
        0.19286419647073977,
        0.24977815943895806,
        0.29520374425694534,
        0.3327722432153899
      ],
      "dice": [
        0.07692307692307693,
        0.2642073778664008,
        0.41294340644462496,
        0.5030223390275953,
        0.5531656828656909
      ],
      "cosinus": [
        0.01632231621647595,
        0.022048297129924177,
        0.02795316009903792,
        0.03339052304501988,
        0.039870046636442
      ]
    },
    "lg--lg": {
      "jaccard": [
        0.14583333333333334,
        0.4243421052631579,
        0.598304400484457,
        0.6737469722377492,
        0.7118113755726897
      ],
      "braycurtis": [
        0.07222889155662265,
        0.13741183532589665,
        0.19576454894113723,
        0.24068237530641853,
        0.2783069841905143
      ],
      "dice": [
        0.07865168539325842,
        0.26931106471816285,
        0.42684331797235026,
        0.5080078673784771,
        0.5525676613462873
      ],
      "cosinus": [
        0.005331047668886257,
        0.010497115082094166,
        0.015503170625589036,
        0.02039926720524532,
        0.026086718382384633
      ]
    },
    "sm--sm": {
      "jaccard": [
        0.13725490196078433,
        0.43267776096822996,
        0.5851105079488174,
        0.6623212022451567,
        0.7013835929839852
      ],
      "braycurtis": [
        0.14181662382176521,
        0.19546681520202236,
        0.24592224412260405,
        0.28514804816385997,
        0.3172608844703462
      ],
      "dice": [
        0.07368421052631578,
        0.27606177606177607,
        0.41353795560427514,
        0.4951272333513806,
        0.5401006711409396
      ],
      "cosinus": [
        0.013421364876849973,
        0.020163880541955392,
        0.026839506661085033,
        0.032262210383730006,
        0.03820976868867987
      ]
    },
    "sm--lg": {
      "jaccard": [
        0.044444444444444446,
        0.19463087248322147,
        0.3203324808184143,
        0.37877343501747696,
        0.4123568890643506
      ],
      "braycurtis": [
        0.14569420035149386,
        0.16059580825168066,
        0.17576236927673786,
        0.18820582677857361,
        0.1989804886623308
      ],
      "dice": [
        0.022727272727272728,
        0.10780669144981413,
        0.19071183859916255,
        0.23363386907095257,
        0.2597289568568942
      ],
      "cosinus": [
        0.010808230773352023,
        0.01239259212139976,
        0.014113788171359776,
        0.016205329972284077,
        0.019001444031516268
      ]
    }
  }
}