{
  "txt": {
    "PP--Kraken-17": {
      "jaccard": [
        0.28,
        0.594888178913738,
        0.653158213082174,
        0.6730298059100497,
        0.6789961414384211
      ],
      "braycurtis": [
        0.08693507651166246,
        0.11866908070931652,
        0.15222299036824127,
        0.1869302447199211,
        0.22138183633406694
      ],
      "dice": [
        0.16279069767441862,
        0.4233742610277399,
        0.48495541156091615,
        0.5071928585190418,
        0.514000119710301
      ],
      "cosinus": [
        0.014963336706927843,
        0.016555521663816575,
        0.017619066950754214,
        0.018197788589101704,
        0.018541348000807423
      ]
    }
  },
  "json": {
    "sm--md": {
      "jaccard": [
        0.044444444444444446,
        0.21317157712305027,
        0.39380365808137363,
        0.49466357308584685,
        0.545953002610966
      ],
      "braycurtis": [
        0.21017202692595363,
        0.22741843567459752,
        0.2561353517364203,
        0.28488993374652705,
        0.31088234246428953
      ],
      "dice": [
        0.022727272727272728,
        0.11930164888457807,
        0.24517778294213338,
        0.3286066584463625,
        0.37547135931046866
      ],
      "cosinus": [
        0.005965989904061719,
        0.008520133413006614,
        0.011403556971961826,
        0.015155647333471078,
        0.019997250834945635
      ]
    },
    "sm--sm": {
      "jaccard": [
        0.08695652173913043,
        0.37279151943462896,
        0.5832998795664391,
        0.6759323204419889,
        0.7225410647140312
      ],
      "braycurtis": [
        0.45808731629530663,
        0.4722868718213947,
        0.4892461531830525,
        0.5064870689655172,
        0.522582869951291
      ],
      "dice": [
        0.045454545454545456,
        0.2290988056460369,
        0.41173136865967697,
        0.51049680532012,
        0.5656080557707204
      ],
      "cosinus": [
        0.041109264755514796,
        0.049733334267338725,
        0.05761759361908736,
        0.06639721624247663,
        0.07628320243934372
      ]
    },
    "sm--lg": {
      "jaccard": [
        0.06666666666666667,
        0.39226519337016574,
        0.5866369710467706,
        0.6802988596146284,
        0.7290307815539535
      ],
      "braycurtis": [
        0.21372234690605962,
        0.2656149801205592,
        0.31841210799717823,
        0.3654438173422268,
        0.4070681803604644
      ],
      "dice": [
        0.034482758620689655,
        0.24398625429553264,
        0.41506460762685154,
        0.5154946364719905,
        0.5736022328261456
      ],
      "cosinus": [
        0.014663627472799368,
        0.02194353598287202,
        0.028231261780875982,
        0.03510014514833426,
        0.04327891590714816
      ]
    },
    "md--md": {
      "jaccard": [
        0.09090909090909091,
        0.42135922330097086,
        0.6244196843082637,
        0.7064483111566019,
        0.746957766642806
      ],
      "braycurtis": [
        0.5352566298910436,
        0.5496162280701754,
        0.5664450688780756,
        0.5832076764907471,
        0.5987936116251971
      ],
      "dice": [
        0.047619047619047616,
        0.26691266912669126,
        0.45393182585217684,
        0.5461307168855831,
        0.5961153956012568
      ],
      "cosinus": [
        0.04070257851679826,
        0.05252754088879397,
        0.061849999518633236,
        0.07205380583337351,
        0.0838514288811606
      ]
    },
    "md--sm": {
      "jaccard": [
        0.08888888888888889,
        0.3582089552238806,
        0.5739055049848287,
        0.676954732510288,
        0.7289104638619202
      ],
      "braycurtis": [
        0.29354654483152487,
        0.3329716145982066,
        0.3777320843804737,
        0.41866110698577713,
        0.45486119044898893
      ],
      "dice": [
        0.046511627906976744,
        0.21818181818181817,
        0.4024316109422492,
        0.5116640746500778,
        0.5734532801493677
      ],
      "cosinus": [
        0.03388003333447098,
        0.04593930223307452,
        0.05493816933996776,
        0.06443166489880814,
        0.07537777314275507
      ]
    },
    "md--lg": {
      "jaccard": [
        0.022727272727272728,
        0.21272727272727274,
        0.3540450375312761,
        0.4375,
        0.4805790600468957
      ],
      "braycurtis": [
        0.09531486638331135,
        0.11759820207152628,
        0.14607253953518673,
        0.17326297273526825,
        0.19753725873442463
      ],
      "dice": [
        0.011494252873563218,
        0.1190233977619532,
        0.215100076007094,
        0.28,
        0.3162909286097692
      ],
      "cosinus": [
        0.0053566141164297365,
        0.007591801464291836,
        0.00935496882057063,
        0.011251931694078898,
        0.01353554857061301
      ]
    },
    "lg--lg": {
      "jaccard": [
        0.1111111111111111,
        0.4152046783625731,
        0.6035904900533722,
        0.6873092019188836,
        0.7287636130685458
      ],
      "braycurtis": [
        0.4591283863368669,
        0.47549866499136173,
        0.49464645671352653,
        0.5140197926484449,
        0.5316000314193701
      ],
      "dice": [
        0.058823529411764705,
        0.26199261992619927,
        0.4322446143154969,
        0.5235880398671097,
        0.5732715178391453
      ],
      "cosinus": [
        0.024730067212185958,
        0.03202130608635634,
        0.03837064748827834,
        0.0455198641240272,
        0.0542754883926051
      ]
    }
  }
}