{
  "txt": {
    "PP--Tesseract-BIN": {
      "jaccard": [
        0.5099324723005311
      ],
      "braycurtis": [
        0.17185758082497213
      ],
      "dice": [
        0.34222104892643435
      ],
      "cosinus": [
        0.03660074073225572
      ]
    }
  },
  "json": {
    "sm--md": {
      "jaccard": [
        0.8600823045267489
      ],
      "braycurtis": [
        0.62472647702407
      ],
      "dice": [
        0.7545126353790613
      ],
      "cosinus": [
        0.383859739665829
      ]
    },
    "sm--lg": {
      "jaccard": [
        0.8811188811188811
      ],
      "braycurtis": [
        0.6114044350580782
      ],
      "dice": [
        0.7875
      ],
      "cosinus": [
        0.31443783609890374
      ]
    },
    "sm--sm": {
      "jaccard": [
        0.839458413926499
      ],
      "braycurtis": [
        0.5561468866418308
      ],
      "dice": [
        0.7233333333333334
      ],
      "cosinus": [
        0.2730139965802464
      ]
    },
    "md--lg": {
      "jaccard": [
        0.6449399656946827
      ],
      "braycurtis": [
        0.3819951338199513
      ],
      "dice": [
        0.4759493670886076
      ],
      "cosinus": [
        0.170887041988664
      ]
    },
    "md--md": {
      "jaccard": [
        0.8232558139534883
      ],
      "braycurtis": [
        0.5471938775510204
      ],
      "dice": [
        0.6996047430830039
      ],
      "cosinus": [
        0.2747640337237629
      ]
    },
    "md--sm": {
      "jaccard": [
        0.7541528239202658
      ],
      "braycurtis": [
        0.4671577655003069
      ],
      "dice": [
        0.6053333333333333
      ],
      "cosinus": [
        0.1851011787313499
      ]
    },
    "lg--md": {
      "jaccard": [
        0.8450704225352113
      ],
      "braycurtis": [
        0.5889724310776943
      ],
      "dice": [
        0.7317073170731707
      ],
      "cosinus": [
        0.2971049143101363
      ]
    },
    "lg--lg": {
      "jaccard": [
        0.8622047244094488
      ],
      "braycurtis": [
        0.5487364620938628
      ],
      "dice": [
        0.7577854671280276
      ],
      "cosinus": [
        0.18744733629978128
      ]
    },
    "lg--sm": {
      "jaccard": [
        0.7687776141384389
      ],
      "braycurtis": [
        0.4430678466076696
      ],
      "dice": [
        0.6244019138755981
      ],
      "cosinus": [
        0.06969928166828487
      ]
    }
  }
}