{
  "txt": {
    "PP--Tesseract-PNG": {
      "jaccard": [
        0.507182682846835
      ],
      "braycurtis": [
        0.17087869023774274
      ],
      "dice": [
        0.33974865981193425
      ],
      "cosinus": [
        0.036279550654298776
      ]
    }
  },
  "json": {
    "sm--md": {
      "jaccard": [
        0.8725490196078431
      ],
      "braycurtis": [
        0.6215633423180593
      ],
      "dice": [
        0.7739130434782608
      ],
      "cosinus": [
        0.3800733041073713
      ]
    },
    "sm--lg": {
      "jaccard": [
        0.8759124087591241
      ],
      "braycurtis": [
        0.5997871208089409
      ],
      "dice": [
        0.7792207792207793
      ],
      "cosinus": [
        0.30397529169801407
      ]
    },
    "sm--sm": {
      "jaccard": [
        0.8320158102766798
      ],
      "braycurtis": [
        0.5542427497314716
      ],
      "dice": [
        0.7123519458544839
      ],
      "cosinus": [
        0.2863078570020444
      ]
    },
    "md--lg": {
      "jaccard": [
        0.873015873015873
      ],
      "braycurtis": [
        0.5911056207535516
      ],
      "dice": [
        0.7746478873239436
      ],
      "cosinus": [
        0.2700398498198511
      ]
    },
    "md--md": {
      "jaccard": [
        0.8417582417582418
      ],
      "braycurtis": [
        0.5523510971786834
      ],
      "dice": [
        0.7267552182163188
      ],
      "cosinus": [
        0.2765586473854942
      ]
    },
    "md--sm": {
      "jaccard": [
        0.7446457990115322
      ],
      "braycurtis": [
        0.47040878584502743
      ],
      "dice": [
        0.5931758530183727
      ],
      "cosinus": [
        0.18165642597955112
      ]
    },
    "lg--lg": {
      "jaccard": [
        0.8670756646216768
      ],
      "braycurtis": [
        0.5434122647237402
      ],
      "dice": [
        0.7653429602888087
      ],
      "cosinus": [
        0.17707665619758506
      ]
    },
    "lg--md": {
      "jaccard": [
        0.6569965870307167
      ],
      "braycurtis": [
        0.38405797101449274
      ],
      "dice": [
        0.4891994917407878
      ],
      "cosinus": [
        0.1674273810165483
      ]
    },
    "lg--sm": {
      "jaccard": [
        0.7413793103448276
      ],
      "braycurtis": [
        0.4407696933253157
      ],
      "dice": [
        0.589041095890411
      ],
      "cosinus": [
        0.076110339581414
      ]
    }
  }
}