{
  "txt": {
    "PP--TesseractFra-PNG": {
      "jaccard": [
        0.3569879144716455
      ],
      "braycurtis": [
        0.07730470497336424
      ],
      "dice": [
        0.2172764994341758
      ],
      "cosinus": [
        0.0029403342184957104
      ]
    }
  },
  "json": {
    "sm--md": {
      "jaccard": [
        0.6899563318777293
      ],
      "braycurtis": [
        0.4479166666666667
      ],
      "dice": [
        0.5266666666666666
      ],
      "cosinus": [
        0.2178128359147553
      ]
    },
    "sm--lg": {
      "jaccard": [
        0.7085953878406709
      ],
      "braycurtis": [
        0.41398865784499056
      ],
      "dice": [
        0.5487012987012987
      ],
      "cosinus": [
        0.12471130943248188
      ]
    },
    "sm--sm": {
      "jaccard": [
        0.7959183673469388
      ],
      "braycurtis": [
        0.4321634363541121
      ],
      "dice": [
        0.6610169491525424
      ],
      "cosinus": [
        0.11430835448896781
      ]
    },
    "md--lg": {
      "jaccard": [
        0.6188118811881188
      ],
      "braycurtis": [
        0.3492407809110629
      ],
      "dice": [
        0.44802867383512546
      ],
      "cosinus": [
        0.1405933451232978
      ]
    },
    "md--sm": {
      "jaccard": [
        0.8248175182481752
      ],
      "braycurtis": [
        0.4893875075803517
      ],
      "dice": [
        0.7018633540372671
      ],
      "cosinus": [
        0.18044423361926887
      ]
    },
    "md--md": {
      "jaccard": [
        0.7822349570200573
      ],
      "braycurtis": [
        0.4532871972318339
      ],
      "dice": [
        0.6423529411764706
      ],
      "cosinus": [
        0.2335009806805164
      ]
    },
    "lg--sm": {
      "jaccard": [
        0.8391089108910891
      ],
      "braycurtis": [
        0.46929039952295765
      ],
      "dice": [
        0.7228144989339019
      ],
      "cosinus": [
        0.12539935286336878
      ]
    },
    "lg--md": {
      "jaccard": [
        0.7947214076246334
      ],
      "braycurtis": [
        0.4989816700610998
      ],
      "dice": [
        0.6593673965936739
      ],
      "cosinus": [
        0.2846402813870288
      ]
    },
    "lg--lg": {
      "jaccard": [
        0.7729885057471264
      ],
      "braycurtis": [
        0.44750656167979
      ],
      "dice": [
        0.629976580796253
      ],
      "cosinus": [
        0.16092519382666248
      ]
    }
  }
}