{
  "txt": {
    "PP--Kraken-base": {
      "jaccard": [
        0.6540329835082459
      ],
      "braycurtis": [
        0.20442513028166925
      ],
      "dice": [
        0.48592051327749064
      ],
      "cosinus": [
        0.014559381364869672
      ]
    }
  },
  "json": {
    "sm--md": {
      "jaccard": [
        0.6666666666666666
      ],
      "braycurtis": [
        0.49221183800623053
      ],
      "dice": [
        0.5
      ],
      "cosinus": [
        0.33245865016843745
      ]
    },
    "sm--lg": {
      "jaccard": [
        0.8981324278438031
      ],
      "braycurtis": [
        0.6284470246734397
      ],
      "dice": [
        0.8151001540832049
      ],
      "cosinus": [
        0.3696829001935438
      ]
    },
    "sm--sm": {
      "jaccard": [
        0.8324607329842932
      ],
      "braycurtis": [
        0.5586642599277978
      ],
      "dice": [
        0.7130044843049327
      ],
      "cosinus": [
        0.29172251311815867
      ]
    },
    "md--lg": {
      "jaccard": [
        0.8931860036832413
      ],
      "braycurtis": [
        0.6236856668511345
      ],
      "dice": [
        0.8069883527454242
      ],
      "cosinus": [
        0.3330875657859137
      ]
    },
    "md--sm": {
      "jaccard": [
        0.889087656529517
      ],
      "braycurtis": [
        0.6247443762781186
      ],
      "dice": [
        0.8003220611916264
      ],
      "cosinus": [
        0.2858778869754043
      ]
    },
    "md--md": {
      "jaccard": [
        0.8465011286681715
      ],
      "braycurtis": [
        0.6020942408376964
      ],
      "dice": [
        0.7338551859099804
      ],
      "cosinus": [
        0.34710738846915123
      ]
    },
    "lg--lg": {
      "jaccard": [
        0.8776290630975143
      ],
      "braycurtis": [
        0.5771117166212534
      ],
      "dice": [
        0.7819420783645656
      ],
      "cosinus": [
        0.2620726294392981
      ]
    },
    "lg--sm": {
      "jaccard": [
        0.7216783216783217
      ],
      "braycurtis": [
        0.42766439909297055
      ],
      "dice": [
        0.5645514223194749
      ],
      "cosinus": [
        0.14821842148032793
      ]
    },
    "lg--md": {
      "jaccard": [
        0.6710743801652893
      ],
      "braycurtis": [
        0.4642656162070906
      ],
      "dice": [
        0.5049751243781094
      ],
      "cosinus": [
        0.34067331031504544
      ]
    }
  }
}