{
  "txt": {
    "PP--Kraken-17": {
      "jaccard": [
        0.2839506172839506,
        0.616213442791175,
        0.6979247652652353,
        0.7463857750289911,
        0.7718431421602352
      ],
      "braycurtis": [
        0.35046964222635724,
        0.3605986729842001,
        0.37306227424104194,
        0.38858015033620513,
        0.40752655572460483
      ],
      "dice": [
        0.16546762589928057,
        0.4453096032628847,
        0.5360095535550248,
        0.5953871295982239,
        0.6284564852064979
      ],
      "cosinus": [
        0.006566411752627954,
        0.008153250914620824,
        0.008984222772501882,
        0.009415218312855855,
        0.009671428277538197
      ]
    }
  },
  "json": {
    "lg--md": {
      "jaccard": [
        0.20833333333333334,
        0.47277936962750716,
        0.6962864721485411,
        0.7867205303501139,
        0.824891129956452
      ],
      "braycurtis": [
        0.41450607154578273,
        0.4356128416278792,
        0.4708439007409618,
        0.5046100137256072,
        0.5335660788350789
      ],
      "dice": [
        0.11627906976744186,
        0.30956848030018763,
        0.5340793489318413,
        0.6484248271151711,
        0.7019699629412912
      ],
      "cosinus": [
        0.021468540214373055,
        0.03551830351019025,
        0.04628918003217142,
        0.05797889218451813,
        0.07105162371954066
      ]
    },
    "lg--sm": {
      "jaccard": [
        0.24,
        0.4831932773109244,
        0.681119648737651,
        0.7687644659980161,
        0.8066325587129384
      ],
      "braycurtis": [
        0.3751718405319863,
        0.3980753245092397,
        0.43477102450149735,
        0.46994500575521164,
        0.5001374900079936
      ],
      "dice": [
        0.13636363636363635,
        0.3185595567867036,
        0.5164377861007075,
        0.6243845671828843,
        0.6759297520661157
      ],
      "cosinus": [
        0.00885572276122093,
        0.016560901150504237,
        0.02312772993266965,
        0.03016948796443708,
        0.03797777581168693
      ]
    },
    "lg--lg": {
      "jaccard": [
        0.22448979591836735,
        0.47801418439716314,
        0.7036566785170137,
        0.7972305606662148,
        0.8345136041744317
      ],
      "braycurtis": [
        0.39690642393677544,
        0.41429362199397257,
        0.4461358673924409,
        0.4790872186000738,
        0.5078087036752268
      ],
      "dice": [
        0.12643678160919541,
        0.3140726933830382,
        0.5428011753183154,
        0.6628290797842363,
        0.7160217460825072
      ],
      "cosinus": [
        0.011411690812714315,
        0.01961320033485414,
        0.026173750927787065,
        0.03341214718818075,
        0.04163147878533502
      ]
    },
    "md--sm": {
      "jaccard": [
        0.041666666666666664,
        0.18315508021390375,
        0.3561931420573828,
        0.4849163937252198,
        0.5424909445528002
      ],
      "braycurtis": [
        0.07852009582113388,
        0.11059601180045693,
        0.15117637490203037,
        0.19093409640425013,
        0.2261401952085182
      ],
      "dice": [
        0.02127659574468085,
        0.1008094186902134,
        0.21668795232013624,
        0.3200591648651724,
        0.3722041674632002
      ],
      "cosinus": [
        0.010560158955197352,
        0.01589918280860858,
        0.020847170165790407,
        0.026131591779258168,
        0.032244097622606605
      ]
    },
    "md--md": {
      "jaccard": [
        0.20833333333333334,
        0.4783861671469741,
        0.6918558077436582,
        0.7794561933534743,
        0.8168778801843318
      ],
      "braycurtis": [
        0.4246937304828249,
        0.4461459928534967,
        0.47895021320040837,
        0.5105552385814239,
        0.5378978978978979
      ],
      "dice": [
        0.11627906976744186,
        0.3143939393939394,
        0.5288834456011431,
        0.6386138613861386,
        0.6904425726666342
      ],
      "cosinus": [
        0.02561750968176535,
        0.039057578884526656,
        0.04969041106348848,
        0.06127133711552091,
        0.07461782624756397
      ]
    },
    "md--lg": {
      "jaccard": [
        0.02127659574468085,
        0.16462585034013605,
        0.32969531605275126,
        0.45406026767386487,
        0.5094928364243649
      ],
      "braycurtis": [
        0.04468526034021242,
        0.06789283941022818,
        0.09890188967085474,
        0.1307398372228579,
        0.15885146804835923
      ],
      "dice": [
        0.010752688172043012,
        0.08969607116382505,
        0.19738633269806696,
        0.2937114935202889,
        0.3418251511130768
      ],
      "cosinus": [
        0.004303718376235999,
        0.00647525770559354,
        0.00824665502945332,
        0.010131579034602933,
        0.012373751776711628
      ]
    },
    "sm--md": {
      "jaccard": [
        0.16326530612244897,
        0.4325452016689847,
        0.6457905544147844,
        0.7480369744558195,
        0.7930525164113785
      ],
      "braycurtis": [
        0.28669817690749494,
        0.32892178046672427,
        0.3781883333783504,
        0.4240586678191346,
        0.4634828880905432
      ],
      "dice": [
        0.08888888888888889,
        0.2759538598047915,
        0.47687642153146326,
        0.5974912670689108,
        0.6570729275257218
      ],
      "cosinus": [
        0.02193412814775919,
        0.03370442470478352,
        0.0429084588514711,
        0.053041835364733725,
        0.06439532126728609
      ]
    },
    "sm--sm": {
      "jaccard": [
        0.16,
        0.43502051983584133,
        0.6247005589566144,
        0.7162939297124601,
        0.7580166270783848
      ],
      "braycurtis": [
        0.2408083479460718,
        0.2797389754498936,
        0.3279095395524891,
        0.37173700551977923,
        0.4089181496708162
      ],
      "dice": [
        0.08695652173913043,
        0.27797202797202797,
        0.4542287594348752,
        0.5579890492782479,
        0.610327516136744
      ],
      "cosinus": [
        0.008478601128503738,
        0.01423691064932131,
        0.019350989313218325,
        0.024887485035488544,
        0.0309615968475756
      ]
    },
    "sm--lg": {
      "jaccard": [
        0.061224489795918366,
        0.21903520208604954,
        0.38819599109131403,
        0.520430455538474,
        0.578623172689021
      ],
      "braycurtis": [
        0.046908315565031986,
        0.07542247930134967,
        0.11487160874693766,
        0.15517319601660504,
        0.19105303752098363
      ],
      "dice": [
        0.031578947368421054,
        0.12298682284040996,
        0.24084565427663396,
        0.35174450399212515,
        0.4070863979003265
      ],
      "cosinus": [
        0.0029686976082617944,
        0.004035550557291101,
        0.005230959258768819,
        0.006575029942555766,
        0.008154856559047019
      ]
    }
  }
}