{
  "txt": {
    "PP--Kraken-base": {
      "jaccard": [
        0.3783783783783784,
        0.6618222470653997,
        0.7227967479674797,
        0.7472463345247647,
        0.7605820242080865
      ],
      "braycurtis": [
        0.335928829028808,
        0.3466851167181971,
        0.3583437595493568,
        0.3722877985709817,
        0.38907175659664267
      ],
      "dice": [
        0.23333333333333334,
        0.49456975772765244,
        0.5659214747670215,
        0.596483055781996,
        0.6136606367372721
      ],
      "cosinus": [
        0.006679270616227195,
        0.00828769854608058,
        0.009137859658336134,
        0.009512621903290719,
        0.009726212679814772
      ]
    }
  },
  "json": {
    "lg--md": {
      "jaccard": [
        0.0,
        0.08823529411764706,
        0.158004158004158,
        0.19789545145960624,
        0.22015471461425884
      ],
      "braycurtis": [
        0.02712959638955844,
        0.047030464663042365,
        0.06300114547537228,
        0.0756565449322938,
        0.08626827391638882
      ],
      "dice": [
        0.0,
        0.046153846153846156,
        0.08577878103837472,
        0.10981352420418158,
        0.12369317514389756
      ],
      "cosinus": [
        0.0013394506294960307,
        0.0022426647444473424,
        0.0031244869712701018,
        0.0041050087546959935,
        0.0052721568419101805
      ]
    },
    "lg--sm": {
      "jaccard": [
        0.09090909090909091,
        0.15800865800865802,
        0.2726237905520774,
        0.3272972972972973,
        0.35566841415465267
      ],
      "braycurtis": [
        0.1511627906976744,
        0.1619794134114303,
        0.17337123496138054,
        0.18262480079252272,
        0.19040317022742936
      ],
      "dice": [
        0.047619047619047616,
        0.08578143360752057,
        0.15782537067545305,
        0.19566973662950396,
        0.21629969114277176
      ],
      "cosinus": [
        0.0019632809100714743,
        0.003906732719187622,
        0.005618373700703616,
        0.007431111384756606,
        0.009568672747378382
      ]
    },
    "lg--lg": {
      "jaccard": [
        0.22448979591836735,
        0.5221112696148359,
        0.6698877805486284,
        0.7403564777866454,
        0.7723564722179468
      ],
      "braycurtis": [
        0.23797017960013556,
        0.28402592451391534,
        0.33019853709508884,
        0.3693708959966109,
        0.4009659379766141
      ],
      "dice": [
        0.12643678160919541,
        0.3532818532818533,
        0.5036325287086947,
        0.5877507919746568,
        0.6291374122367102
      ],
      "cosinus": [
        0.029649817900924913,
        0.0390358597319197,
        0.046418089632870974,
        0.053634096664352704,
        0.061792004405671674
      ]
    },
    "md--md": {
      "jaccard": [
        0.19148936170212766,
        0.4938080495356037,
        0.6425842306356374,
        0.7097118463180363,
        0.7422874005186444
      ],
      "braycurtis": [
        0.19020199250525546,
        0.2369635757049495,
        0.28318098720292506,
        0.32147264500205674,
        0.35284760947070115
      ],
      "dice": [
        0.10588235294117647,
        0.3278520041109969,
        0.4733879222108495,
        0.5500413564929694,
        0.5901884109491646
      ],
      "cosinus": [
        0.024002121488631234,
        0.032177585830317046,
        0.03897973006868094,
        0.045780946187062965,
        0.053563672281207064
      ]
    },
    "md--sm": {
      "jaccard": [
        0.09090909090909091,
        0.183585313174946,
        0.292420814479638,
        0.34968017057569295,
        0.38004827031375704
      ],
      "braycurtis": [
        0.1617333854913722,
        0.1672172476745197,
        0.17612113308701008,
        0.18412015301686663,
        0.19125331478502805
      ],
      "dice": [
        0.047619047619047616,
        0.10107015457788347,
        0.17124875786684332,
        0.21188630490956073,
        0.2346046881207787
      ],
      "cosinus": [
        0.0017992163891621393,
        0.002903653453943944,
        0.004025187883451964,
        0.005313800390315149,
        0.006908411189772035
      ]
    },
    "md--lg": {
      "jaccard": [
        0.22448979591836735,
        0.521613832853026,
        0.6665621079046424,
        0.7401250166245511,
        0.7739337220006137
      ],
      "braycurtis": [
        0.23795682838213295,
        0.2833205095323587,
        0.32797560523803415,
        0.366984439124487,
        0.39923902355606855
      ],
      "dice": [
        0.12643678160919541,
        0.35282651072124754,
        0.49988238061632556,
        0.5874590942679193,
        0.631233185259338
      ],
      "cosinus": [
        0.024544101360462478,
        0.03313477238208051,
        0.0403619324284582,
        0.04761464997185583,
        0.05592241091276673
      ]
    },
    "sm--sm": {
      "jaccard": [
        0.14,
        0.5020134228187919,
        0.6294669009958992,
        0.7033951001119264,
        0.7398426323319027
      ],
      "braycurtis": [
        0.20056908417151934,
        0.24342388247361282,
        0.2888624181060155,
        0.3284967406770127,
        0.3617074784910655
      ],
      "dice": [
        0.07526881720430108,
        0.33512544802867383,
        0.45928617225902973,
        0.5424899290235948,
        0.5871033660668672
      ],
      "cosinus": [
        0.025594078529746045,
        0.03281446775443231,
        0.03853880576444901,
        0.04382874265771608,
        0.049651702067621484
      ]
    },
    "sm--lg": {
      "jaccard": [
        0.21568627450980393,
        0.5054495912806539,
        0.6432131339783055,
        0.72672488008855,
        0.7656349150391314
      ],
      "braycurtis": [
        0.1335005163003393,
        0.20184399778720266,
        0.2648570234319294,
        0.31899826651421825,
        0.3635290646208321
      ],
      "dice": [
        0.12087912087912088,
        0.3381950774840474,
        0.47407087294727746,
        0.5707524389065971,
        0.6202661792425886
      ],
      "cosinus": [
        0.0270635496464795,
        0.035172420044977004,
        0.041337847408464024,
        0.04722650209983026,
        0.0537793324380621
      ]
    }
  }
}