{
  "txt": {
    "Kraken-17--PP": {
      "jaccard": [
        0.325,
        0.6533066132264529,
        0.6935581705689676,
        0.713155453702188,
        0.7107081386168715
      ],
      "braycurtis": [
        0.07935604141067791,
        0.1107706148292394,
        0.14587036756558547,
        0.18033646575442305,
        0.21354109371423496
      ],
      "dice": [
        0.19402985074626866,
        0.4851190476190476,
        0.5308756616213205,
        0.5541892808683854,
        0.5512391413488308
      ],
      "cosinus": [
        0.013020148469420567,
        0.014047395299263798,
        0.014707716698079132,
        0.015049736972375771,
        0.015254666745077805
      ]
    }
  },
  "json": {
    "sm--lg": {
      "jaccard": [
        0.02564102564102564,
        0.19315403422982885,
        0.31310344827586206,
        0.3670756646216769,
        0.3963620981387479
      ],
      "braycurtis": [
        0.1367878192534381,
        0.1627164435711654,
        0.19045279620076966,
        0.21207468369979118,
        0.22953316953316955
      ],
      "dice": [
        0.012987012987012988,
        0.10690121786197564,
        0.1856091578086672,
        0.2247964934251722,
        0.2471643365866526
      ],
      "cosinus": [
        0.006336875206175541,
        0.008881842138727891,
        0.011437080550149692,
        0.014234924368490165,
        0.0176606391144406
      ]
    },
    "sm--md": {
      "jaccard": [
        0.09523809523809523,
        0.18765432098765433,
        0.2980364656381487,
        0.35310440513354147,
        0.3837709857942316
      ],
      "braycurtis": [
        0.16928535225544855,
        0.1812191103789127,
        0.20033798056611746,
        0.2166941310685765,
        0.23037525354969574
      ],
      "dice": [
        0.05,
        0.10354223433242507,
        0.17511330861145447,
        0.21440606571187867,
        0.2374483952590225
      ],
      "cosinus": [
        0.0042590215143720744,
        0.006038360311826363,
        0.007869041107543273,
        0.009930547593319905,
        0.012490754918027092
      ]
    },
    "sm--sm": {
      "jaccard": [
        0.19148936170212766,
        0.4439252336448598,
        0.6198547215496368,
        0.7029350726356359,
        0.7440162960448141
      ],
      "braycurtis": [
        0.5561032183241519,
        0.5647803605083844,
        0.580868612668342,
        0.5977961432506887,
        0.6129917834702755
      ],
      "dice": [
        0.10588235294117647,
        0.2852852852852853,
        0.44912280701754387,
        0.5419428571428572,
        0.5923773482903095
      ],
      "cosinus": [
        0.06333873841588467,
        0.0690149044429258,
        0.07332364589686358,
        0.07990079718135046,
        0.09019446178734458
      ]
    },
    "lg--md": {
      "jaccard": [
        0.14893617021276595,
        0.4896988906497623,
        0.6900163666121113,
        0.7758135797509039,
        0.8150236859914279
      ],
      "braycurtis": [
        0.6612168874172185,
        0.6666839136958659,
        0.6780502949394598,
        0.6914618369987063,
        0.7040571310287725
      ],
      "dice": [
        0.08045977011494253,
        0.3242392444910808,
        0.526736631684158,
        0.6337381030521825,
        0.687797449076718
      ],
      "cosinus": [
        0.02378107670001528,
        0.030037154412019595,
        0.034696333676014324,
        0.040536910237723434,
        0.04807074261534561
      ]
    },
    "lg--sm": {
      "jaccard": [
        0.19148936170212766,
        0.4518633540372671,
        0.6542145593869731,
        0.7516543402101985,
        0.796426755755683
      ],
      "braycurtis": [
        0.5575675413963397,
        0.5667457512225826,
        0.5857059848925044,
        0.6079608735654448,
        0.6286682808716707
      ],
      "dice": [
        0.10588235294117647,
        0.29187562688064195,
        0.48612099644128115,
        0.602120361708762,
        0.6617185614289163
      ],
      "cosinus": [
        0.019570018898837027,
        0.024698072344350286,
        0.028444611128210062,
        0.03326387383636731,
        0.039677166254747265
      ]
    },
    "lg--lg": {
      "jaccard": [
        0.2127659574468085,
        0.49607535321821034,
        0.6868060091443501,
        0.7698901687650683,
        0.80756194923552
      ],
      "braycurtis": [
        0.6397344228804903,
        0.6458450380509729,
        0.6588006946572683,
        0.6733156254788782,
        0.686677564364528
      ],
      "dice": [
        0.11904761904761904,
        0.3298538622129436,
        0.5230042278040289,
        0.6258710801393729,
        0.6772359777665488
      ],
      "cosinus": [
        0.02499775355643763,
        0.032134763857847526,
        0.03751338889375477,
        0.043920726089494266,
        0.05203093583050766
      ]
    },
    "md--sm": {
      "jaccard": [
        0.22448979591836735,
        0.44357366771159873,
        0.6532823454429573,
        0.7497398543184183,
        0.7942335766423357
      ],
      "braycurtis": [
        0.5543129436934746,
        0.563384390955507,
        0.5823121312325747,
        0.6040704177406021,
        0.6241416204649353
      ],
      "dice": [
        0.12643678160919541,
        0.2849949647532729,
        0.4850922858495031,
        0.5996670828131502,
        0.6586960469762092
      ],
      "cosinus": [
        0.04673499378945689,
        0.05705821514185372,
        0.06255716399050049,
        0.06851763241696074,
        0.07665122894441034
      ]
    },
    "md--md": {
      "jaccard": [
        0.1836734693877551,
        0.4816,
        0.6838307641849787,
        0.7644432417805439,
        0.8010687022900763
      ],
      "braycurtis": [
        0.65997920997921,
        0.6648474452934144,
        0.6748795786117753,
        0.6867494931642147,
        0.6977334165107091
      ],
      "dice": [
        0.10112359550561797,
        0.3171759747102213,
        0.5195614253675555,
        0.6187034603591766,
        0.6681522984846555
      ],
      "cosinus": [
        0.045197628510403653,
        0.05679057542622512,
        0.06322155505054106,
        0.07030942503746107,
        0.07947286957091282
      ]
    },
    "md--lg": {
      "jaccard": [
        0.07317073170731707,
        0.11141304347826086,
        0.18011409942950285,
        0.21194525093322272,
        0.22847422140800838
      ],
      "braycurtis": [
        0.042241126430038134,
        0.056623148012322135,
        0.07130281690140845,
        0.08253851797505503,
        0.0918696800704432
      ],
      "dice": [
        0.0379746835443038,
        0.058992805755395686,
        0.09896999552171966,
        0.11853398283460914,
        0.12897030580587976
      ],
      "cosinus": [
        0.001157405432711478,
        0.0017729044535794714,
        0.0023488113986542825,
        0.003008812758704016,
        0.003827053407326808
      ]
    }
  }
}