{
  "txt": {
    "TesseractFra-BIN--PP": {
      "jaccard": [
        0.4444444444444444,
        0.5875736475629352,
        0.5510470137700644,
        0.5141162514827995,
        0.48726725534940635
      ],
      "braycurtis": [
        0.03335676948955428,
        0.050173199180616655,
        0.06804768934888335,
        0.08614542540719862,
        0.10430131497922691
      ],
      "dice": [
        0.2857142857142857,
        0.41600303375047404,
        0.380307034808525,
        0.34600031933578157,
        0.32211060220155
      ],
      "cosinus": [
        0.003219685649769488,
        0.0036556241985740145,
        0.003984690836772664,
        0.004235102238839383,
        0.004420492649503949
      ]
    }
  },
  "json": {
    "lg--sm": {
      "jaccard": [
        0.1702127659574468,
        0.2695852534562212,
        0.4107883817427386,
        0.48356164383561645,
        0.52307366638442
      ],
      "braycurtis": [
        0.13037166085946575,
        0.17496732975170612,
        0.21328298964081713,
        0.2439360929557008,
        0.27019174898314935
      ],
      "dice": [
        0.09302325581395349,
        0.15579227696404793,
        0.2584856396866841,
        0.3188798554652213,
        0.3541636806650423
      ],
      "cosinus": [
        0.012839540878716083,
        0.015469151883383603,
        0.017368888779729752,
        0.019991625886281228,
        0.023698888507286076
      ]
    },
    "lg--lg": {
      "jaccard": [
        0.17391304347826086,
        0.24415584415584415,
        0.3248515691263783,
        0.3657570422535211,
        0.38980217330732797
      ],
      "braycurtis": [
        0.2629468760441029,
        0.268671679197995,
        0.2756238859180036,
        0.2815477185358516,
        0.2865262454028753
      ],
      "dice": [
        0.09523809523809523,
        0.1390532544378698,
        0.1939240506329114,
        0.2238082413143011,
        0.242083405433466
      ],
      "cosinus": [
        0.008468412403378811,
        0.011355518889613836,
        0.013985866919800305,
        0.01725069635755383,
        0.02147885789195747
      ]
    },
    "lg--md": {
      "jaccard": [
        0.14285714285714285,
        0.20465116279069767,
        0.29578488372093026,
        0.3372693726937269,
        0.35945446139620896
      ],
      "braycurtis": [
        0.05793932768515988,
        0.08432417657509908,
        0.10834700200473847,
        0.12795625427204374,
        0.14465408805031446
      ],
      "dice": [
        0.07692307692307693,
        0.11398963730569948,
        0.17356076759061834,
        0.20284065690190856,
        0.21910666478793855
      ],
      "cosinus": [
        0.002456735239767416,
        0.003570364530172787,
        0.004722960677704724,
        0.006155766349983383,
        0.008043872588080592
      ]
    },
    "sm--lg": {
      "jaccard": [
        0.125,
        0.26170212765957446,
        0.3845667299177736,
        0.4489732420659614,
        0.48432122370936903
      ],
      "braycurtis": [
        0.21508176231642537,
        0.22958333333333333,
        0.24860228496023892,
        0.2659929151906647,
        0.2815254767114723
      ],
      "dice": [
        0.06666666666666667,
        0.15055079559363524,
        0.23805794831636648,
        0.28946840521564693,
        0.3195408098902485
      ],
      "cosinus": [
        0.0191655560941022,
        0.025582994822847094,
        0.03379325741179395,
        0.04461930073458653,
        0.059018519248049794
      ]
    },
    "sm--sm": {
      "jaccard": [
        0.13333333333333333,
        0.2623655913978495,
        0.3780332056194125,
        0.43673469387755104,
        0.47015646127100635
      ],
      "braycurtis": [
        0.30735639905945583,
        0.3247480403135498,
        0.3446821219248143,
        0.3611671146953405,
        0.3751988349949591
      ],
      "dice": [
        0.07142857142857142,
        0.15099009900990099,
        0.23307086614173228,
        0.2793733681462141,
        0.30732323232323233
      ],
      "cosinus": [
        0.046856865893069366,
        0.05509155299610813,
        0.06631519035924627,
        0.08219512111128935,
        0.10410377889899924
      ]
    },
    "sm--md": {
      "jaccard": [
        0.15217391304347827,
        0.28153153153153154,
        0.4185888738127544,
        0.4822934232715008,
        0.5179765886287625
      ],
      "braycurtis": [
        0.09747292418772563,
        0.13795697307055815,
        0.17564449794362524,
        0.20662151993980438,
        0.23311258278145697
      ],
      "dice": [
        0.08235294117647059,
        0.16382699868938402,
        0.2646932646932647,
        0.31777777777777777,
        0.34950634696755994
      ],
      "cosinus": [
        0.008272704782453455,
        0.010375016986643004,
        0.01213250938874555,
        0.01433535059724067,
        0.01732361371836899
      ]
    },
    "md--md": {
      "jaccard": [
        0.15555555555555556,
        0.25879396984924624,
        0.3475061324611611,
        0.3893581081081081,
        0.4136181575433912
      ],
      "braycurtis": [
        0.24254124254124254,
        0.25048271019835,
        0.2606507490636704,
        0.26953467954345917,
        0.276852827537759
      ],
      "dice": [
        0.08433734939759036,
        0.14862914862914864,
        0.2102919346857991,
        0.24174095437860513,
        0.2607305167480222
      ],
      "cosinus": [
        0.0078358219963226,
        0.011358097814494816,
        0.014007284583492985,
        0.01710096295681196,
        0.020991861540320733
      ]
    }
  }
}