{
  "txt": {
    "TesseractFra-PNG--PP": {
      "jaccard": [
        0.4444444444444444,
        0.5859667916443492,
        0.5483420879842417,
        0.5132199575922801,
        0.48735592209856915
      ],
      "braycurtis": [
        0.03387649483796401,
        0.05135995957087731,
        0.06965663787854919,
        0.08803656101821812,
        0.10643421892035644
      ],
      "dice": [
        0.2857142857142857,
        0.41439393939393937,
        0.37773505964832926,
        0.3451888934163805,
        0.32218810043847407
      ],
      "cosinus": [
        0.003398900262174487,
        0.0038582721027298206,
        0.004207553045694534,
        0.004472669295243259,
        0.004668654850838894
      ]
    }
  },
  "json": {
    "md--lg": {
      "jaccard": [
        0.17391304347826086,
        0.3181818181818182,
        0.4025058731401723,
        0.44063647490820074,
        0.46295336787564767
      ],
      "braycurtis": [
        0.2774431057563588,
        0.2913807531380753,
        0.306662202879143,
        0.31868407835258666,
        0.3286671131949096
      ],
      "dice": [
        0.09523809523809523,
        0.1891891891891892,
        0.2519607843137255,
        0.282574568288854,
        0.3011966964436204
      ],
      "cosinus": [
        0.015590793549344117,
        0.01982073057460887,
        0.023342090038051877,
        0.027715903941200715,
        0.033402711595994505
      ]
    },
    "md--sm": {
      "jaccard": [
        0.1875,
        0.30434782608695654,
        0.43159286186384666,
        0.4940515532055519,
        0.5290853031860226
      ],
      "braycurtis": [
        0.0893719806763285,
        0.13090744375660576,
        0.1692338669082855,
        0.20095151789759855,
        0.22785498489425982
      ],
      "dice": [
        0.10344827586206896,
        0.1794871794871795,
        0.2751790981879477,
        0.3280667105551898,
        0.3596981553940749
      ],
      "cosinus": [
        0.007513781758285543,
        0.009439983860433099,
        0.010939493380579868,
        0.012783801009697449,
        0.015254842540005198
      ]
    },
    "md--md": {
      "jaccard": [
        0.19148936170212766,
        0.28087167070217917,
        0.35879077167859985,
        0.3944421401907922,
        0.4150395778364116
      ],
      "braycurtis": [
        0.23933732816355305,
        0.24607791292085315,
        0.2564645039962388,
        0.265914300828778,
        0.27372134038800705
      ],
      "dice": [
        0.10588235294117647,
        0.16338028169014085,
        0.21861366941347551,
        0.24567295272539397,
        0.2618611619776927
      ],
      "cosinus": [
        0.0073357178685773405,
        0.01050966105130613,
        0.012848884819386619,
        0.01552219143404776,
        0.018838138595683174
      ]
    },
    "lg--sm": {
      "jaccard": [
        0.05,
        0.22606382978723405,
        0.33531409168081494,
        0.3896611642050391,
        0.419063270336894
      ],
      "braycurtis": [
        0.1708051166290444,
        0.18024459078080904,
        0.1937021703675825,
        0.20506305288913984,
        0.21506024096385543
      ],
      "dice": [
        0.02564102564102564,
        0.12743628185907047,
        0.2014278429372769,
        0.24197464256811438,
        0.26507276507276506
      ],
      "cosinus": [
        0.002542780227199448,
        0.004266006231823827,
        0.005597304966873717,
        0.007107199883432336,
        0.008972120742494316
      ]
    },
    "lg--md": {
      "jaccard": [
        0.0,
        0.11075949367088607,
        0.1511758118701008,
        0.1690909090909091,
        0.1799212598425197
      ],
      "braycurtis": [
        0.0320659642693541,
        0.05063001145475372,
        0.064008554842652,
        0.07414622965849187,
        0.0828060522696011
      ],
      "dice": [
        0.0,
        0.05862646566164154,
        0.08176862507571168,
        0.09235352532274081,
        0.09885355829547912
      ],
      "cosinus": [
        0.0014048249450291372,
        0.002268716885232558,
        0.0029905121793269984,
        0.0038350829893496474,
        0.004890748422696767
      ]
    },
    "lg--lg": {
      "jaccard": [
        0.17391304347826086,
        0.28078817733990147,
        0.3547077922077922,
        0.3900679117147708,
        0.4110180934377532
      ],
      "braycurtis": [
        0.26759628154050463,
        0.2729536775693176,
        0.2794199047935348,
        0.2851685766483973,
        0.2901661129568106
      ],
      "dice": [
        0.09523809523809523,
        0.16332378223495703,
        0.21558954119388257,
        0.24228842604798312,
        0.25866757307953775
      ],
      "cosinus": [
        0.011327424694596133,
        0.014358851467133893,
        0.01723518458968798,
        0.02083646002388173,
        0.02553035721589747
      ]
    },
    "sm--sm": {
      "jaccard": [
        0.20408163265306123,
        0.31160896130346233,
        0.4133738601823708,
        0.46882494004796166,
        0.49963072378138845
      ],
      "braycurtis": [
        0.33626044120796744,
        0.3530041769304916,
        0.3718223364752928,
        0.38768077129084094,
        0.40102849796443113
      ],
      "dice": [
        0.11363636363636363,
        0.18455971049457176,
        0.26053639846743293,
        0.30618637431480034,
        0.3330051685946345
      ],
      "cosinus": [
        0.054027074718860035,
        0.06363815433643816,
        0.07692099925233842,
        0.09549669812234107,
        0.12089386440178695
      ]
    },
    "sm--md": {
      "jaccard": [
        0.05,
        0.2222222222222222,
        0.3494983277591973,
        0.4081806561567959,
        0.4389916867792974
      ],
      "braycurtis": [
        0.18109339407744876,
        0.1904309853806721,
        0.20508925180402582,
        0.2170940170940171,
        0.22735562310030394
      ],
      "dice": [
        0.02564102564102564,
        0.125,
        0.21175278622087132,
        0.256423982869379,
        0.2812231575330699
      ],
      "cosinus": [
        0.003429742178042594,
        0.005023037799016805,
        0.0062847466166798815,
        0.007765088844278956,
        0.009622017136925454
      ]
    },
    "sm--lg": {
      "jaccard": [
        0.1702127659574468,
        0.31222707423580787,
        0.43541944074567246,
        0.5008313934153642,
        0.5385885266198926
      ],
      "braycurtis": [
        0.13860814322841467,
        0.183971119133574,
        0.22174080492971307,
        0.25306947854976164,
        0.27980352499277666
      ],
      "dice": [
        0.09302325581395349,
        0.18499353169469598,
        0.2782978723404255,
        0.33407275953859805,
        0.368539960463146
      ],
      "cosinus": [
        0.015488741073158563,
        0.018047471379301516,
        0.020119118095527688,
        0.02302196380073951,
        0.027122049801149295
      ]
    }
  }
}